Source_URL,Source_Path,Current_Destination,Final_Target,Current_Status,Recommended_Status,Redirect_Type,Keep_Temporary,Priority,Reason,Data_Source,Owner_Approval,Implementation_Status,Notes
"http://pmstructure.com/","/","https://pmstructure.com/","https://pmstructure.com/","301","301","Canonical host redirect","No","P0","HTTP to HTTPS apex should be permanent","Code: frontend/lib/canonical-host.ts + middleware","Not required","Implemented","middleware returns 301"
"https://www.pmstructure.com/:path*","/:path*","https://pmstructure.com/:path*","https://pmstructure.com/:path*","308","308","Canonical host redirect","No","P0","www to non-www apex should be permanent","Code: frontend/next.config.ts","Not required","Implemented","Vercel domain alias should mirror this"
"https://pmstructure.com/admin","/admin","/admin/login","/admin/login","307","307","Auth entry redirect","Yes","P1","Unauthenticated admin entry may vary by session","Code: next.config.ts + page fallbacks","Not required","Implemented",""
"https://pmstructure.com/answers/does-pm-structure-guarantee-a-pmp-pass","/answers/does-pm-structure-guarantee-a-pmp-pass","/answers/does-pm-structure-guarantee-pmp-success","/answers/does-pm-structure-guarantee-pmp-success","308","308","Answer slug rename","No","P2","Permanent content rename","Code: next.config.ts + page fallbacks","Not required","Implemented",""
"https://pmstructure.com/answers/is-pm-structure-a-pmi-authorized-training-partner","/answers/is-pm-structure-a-pmi-authorized-training-partner","/answers/is-pm-structure-an-official-pmi-atp","/answers/is-pm-structure-an-official-pmi-atp","308","308","Answer slug rename","No","P2","Permanent content rename","Code: next.config.ts + page fallbacks","Not required","Implemented",""
"https://pmstructure.com/compare","/compare","/certifications/compare","/certifications/compare","308","308","Legacy slug redirect","No","P1","Stable permanent slug move","Code: next.config.ts + page fallbacks","Not required","Implemented",""
"https://pmstructure.com/dashboard","/dashboard","/admin/dashboard","/admin/dashboard","308","308","Admin URL migration","No","P2","Legacy /dashboard path to bundled admin","Code: next.config.ts + page fallbacks","Not required","Implemented",""
"https://pmstructure.com/dashboard","/dashboard/:path*","/admin/dashboard/:path*","/admin/dashboard/:path*","308","308","Admin URL migration","No","P2","Legacy /dashboard path to bundled admin","Code: next.config.ts + page fallbacks","Not required","Implemented",""
"https://pmstructure.com/go","/go","/go/website","/go/website","308","308","Default portal entry","No","P0","Default portal entry is stable","Code: next.config.ts + page fallbacks","Not required","Implemented",""
"https://pmstructure.com/go/aggregators-aggregated-feeds","/go/aggregators-aggregated-feeds","/go/content-aggregators","/go/content-aggregators","308","308","Legacy /go slug alias","No","P2","Legacy portal slug consolidation","Code: go-slug-redirects.ts","Not required","Implemented","Do not mass-change"
"https://pmstructure.com/go/ai-visibility-json-integration","/go/ai-visibility-json-integration","/go/ai-visibility","/go/ai-visibility","308","308","Legacy /go slug alias","No","P2","Legacy portal slug consolidation","Code: go-slug-redirects.ts","Not required","Implemented","Do not mass-change"
"https://pmstructure.com/go/amazon-audible-episode-feed","/go/amazon-audible-episode-feed","/go/amazon-audible","/go/amazon-audible","308","308","Legacy /go slug alias","No","P2","Legacy portal slug consolidation","Code: go-slug-redirects.ts","Not required","Implemented","Do not mass-change"
"https://pmstructure.com/go/amazon-audible-podcast-listing","/go/amazon-audible-podcast-listing","/go/amazon-audible","/go/amazon-audible","308","308","Legacy /go slug alias","No","P2","Legacy portal slug consolidation","Code: go-slug-redirects.ts","Not required","Implemented","Do not mass-change"
"https://pmstructure.com/go/api-knowledge-endpoints","/go/api-knowledge-endpoints","/go/api-ai-fed","/go/api-ai-fed","308","308","Legacy /go slug alias","No","P2","Legacy portal slug consolidation","Code: go-slug-redirects.ts","Not required","Implemented","Do not mass-change"
"https://pmstructure.com/go/apple-podcasts-episode-feed","/go/apple-podcasts-episode-feed","/go/apple-podcasts","/go/apple-podcasts","308","308","Legacy /go slug alias","No","P2","Legacy portal slug consolidation","Code: go-slug-redirects.ts","Not required","Implemented","Do not mass-change"
"https://pmstructure.com/go/apple-podcasts-podcast-listing","/go/apple-podcasts-podcast-listing","/go/apple-podcasts","/go/apple-podcasts","308","308","Legacy /go slug alias","No","P2","Legacy portal slug consolidation","Code: go-slug-redirects.ts","Not required","Implemented","Do not mass-change"
"https://pmstructure.com/go/beehiiv-newsletter","/go/beehiiv-newsletter","/go/beehiiv","/go/beehiiv","308","308","Legacy /go slug alias","No","P2","Legacy portal slug consolidation","Code: go-slug-redirects.ts","Not required","Implemented","Do not mass-change"
"https://pmstructure.com/go/beehiiv-post-feed","/go/beehiiv-post-feed","/go/beehiiv","/go/beehiiv","308","308","Legacy /go slug alias","No","P2","Legacy portal slug consolidation","Code: go-slug-redirects.ts","Not required","Implemented","Do not mass-change"
"https://pmstructure.com/go/bing-search-indexed-pages","/go/bing-search-indexed-pages","/go/bing-search","/go/bing-search","308","308","Legacy /go slug alias","No","P2","Legacy portal slug consolidation","Code: go-slug-redirects.ts","Not required","Implemented","Do not mass-change"
"https://pmstructure.com/go/bing-search-serp-results","/go/bing-search-serp-results","/go/bing-search","/go/bing-search","308","308","Legacy /go slug alias","No","P2","Legacy portal slug consolidation","Code: go-slug-redirects.ts","Not required","Implemented","Do not mass-change"
"https://pmstructure.com/go/bluesky-feed","/go/bluesky-feed","/go/bluesky","/go/bluesky","308","308","Legacy /go slug alias","No","P2","Legacy portal slug consolidation","Code: go-slug-redirects.ts","Not required","Implemented","Do not mass-change"
"https://pmstructure.com/go/bluesky-threads","/go/bluesky-threads","/go/bluesky","/go/bluesky","308","308","Legacy /go slug alias","No","P2","Legacy portal slug consolidation","Code: go-slug-redirects.ts","Not required","Implemented","Do not mass-change"
"https://pmstructure.com/go/discord-channels","/go/discord-channels","/go/discord","/go/discord","308","308","Legacy /go slug alias","No","P2","Legacy portal slug consolidation","Code: go-slug-redirects.ts","Not required","Implemented","Do not mass-change"
"https://pmstructure.com/go/discord-server","/go/discord-server","/go/discord","/go/discord","308","308","Legacy /go slug alias","No","P2","Legacy portal slug consolidation","Code: go-slug-redirects.ts","Not required","Implemented","Do not mass-change"
"https://pmstructure.com/go/discord-threads","/go/discord-threads","/go/discord","/go/discord","308","308","Legacy /go slug alias","No","P2","Legacy portal slug consolidation","Code: go-slug-redirects.ts","Not required","Implemented","Do not mass-change"
"https://pmstructure.com/go/email-inbox-delivery","/go/email-inbox-delivery","/go/email","/go/email","308","308","Legacy /go slug alias","No","P2","Legacy portal slug consolidation","Code: go-slug-redirects.ts","Not required","Implemented","Do not mass-change"
"https://pmstructure.com/go/email-mailing-list","/go/email-mailing-list","/go/email","/go/email","308","308","Legacy /go slug alias","No","P2","Legacy portal slug consolidation","Code: go-slug-redirects.ts","Not required","Implemented","Do not mass-change"
"https://pmstructure.com/go/facebook-feed","/go/facebook-feed","/go/facebook","/go/facebook","308","308","Legacy /go slug alias","No","P2","Legacy portal slug consolidation","Code: go-slug-redirects.ts","Not required","Implemented","Do not mass-change"
"https://pmstructure.com/go/facebook-groups","/go/facebook-groups","/go/facebook","/go/facebook","308","308","Legacy /go slug alias","No","P2","Legacy portal slug consolidation","Code: go-slug-redirects.ts","Not required","Implemented","Do not mass-change"
"https://pmstructure.com/go/facebook-page","/go/facebook-page","/go/facebook","/go/facebook","308","308","Legacy /go slug alias","No","P2","Legacy portal slug consolidation","Code: go-slug-redirects.ts","Not required","Implemented","Do not mass-change"
"https://pmstructure.com/go/facebook-profile","/go/facebook-profile","/go/facebook","/go/facebook","308","308","Legacy /go slug alias","No","P2","Legacy portal slug consolidation","Code: go-slug-redirects.ts","Not required","Implemented","Do not mass-change"
"https://pmstructure.com/go/ghost-blog-posts","/go/ghost-blog-posts","/go/ghost","/go/ghost","308","308","Legacy /go slug alias","No","P2","Legacy portal slug consolidation","Code: go-slug-redirects.ts","Not required","Implemented","Do not mass-change"
"https://pmstructure.com/go/ghost-newsletter","/go/ghost-newsletter","/go/ghost","/go/ghost","308","308","Legacy /go slug alias","No","P2","Legacy portal slug consolidation","Code: go-slug-redirects.ts","Not required","Implemented","Do not mass-change"
"https://pmstructure.com/go/google-podcasts-episode-feed","/go/google-podcasts-episode-feed","/go/google-podcasts","/go/google-podcasts","308","308","Legacy /go slug alias","No","P2","Legacy portal slug consolidation","Code: go-slug-redirects.ts","Not required","Implemented","Do not mass-change"
"https://pmstructure.com/go/google-podcasts-podcast-listing","/go/google-podcasts-podcast-listing","/go/google-podcasts","/go/google-podcasts","308","308","Legacy /go slug alias","No","P2","Legacy portal slug consolidation","Code: go-slug-redirects.ts","Not required","Implemented","Do not mass-change"
"https://pmstructure.com/go/google-search-indexed-pages","/go/google-search-indexed-pages","/go/google-search","/go/google-search","308","308","Legacy /go slug alias","No","P2","Legacy portal slug consolidation","Code: go-slug-redirects.ts","Not required","Implemented","Do not mass-change"
"https://pmstructure.com/go/google-search-serp-results","/go/google-search-serp-results","/go/google-search","/go/google-search","308","308","Legacy /go slug alias","No","P2","Legacy portal slug consolidation","Code: go-slug-redirects.ts","Not required","Implemented","Do not mass-change"
"https://pmstructure.com/go/hashnode-article-feed","/go/hashnode-article-feed","/go/hashnode","/go/hashnode","308","308","Legacy /go slug alias","No","P2","Legacy portal slug consolidation","Code: go-slug-redirects.ts","Not required","Implemented","Do not mass-change"
"https://pmstructure.com/go/instagram-broadcast-channel","/go/instagram-broadcast-channel","/go/instagram","/go/instagram","308","308","Legacy /go slug alias","No","P2","Legacy portal slug consolidation","Code: go-slug-redirects.ts","Not required","Implemented","Do not mass-change"
"https://pmstructure.com/go/instagram-feed","/go/instagram-feed","/go/instagram","/go/instagram","308","308","Legacy /go slug alias","No","P2","Legacy portal slug consolidation","Code: go-slug-redirects.ts","Not required","Implemented","Do not mass-change"
"https://pmstructure.com/go/instagram-reels","/go/instagram-reels","/go/instagram","/go/instagram","308","308","Legacy /go slug alias","No","P2","Legacy portal slug consolidation","Code: go-slug-redirects.ts","Not required","Implemented","Do not mass-change"
"https://pmstructure.com/go/instagram-stories","/go/instagram-stories","/go/instagram","/go/instagram","308","308","Legacy /go slug alias","No","P2","Legacy portal slug consolidation","Code: go-slug-redirects.ts","Not required","Implemented","Do not mass-change"
"https://pmstructure.com/go/linkedin-articles","/go/linkedin-articles","/go/linkedin","/go/linkedin","308","308","Legacy /go slug alias","No","P2","Legacy portal slug consolidation","Code: go-slug-redirects.ts","Not required","Implemented","Do not mass-change"
"https://pmstructure.com/go/linkedin-company-page","/go/linkedin-company-page","/go/linkedin","/go/linkedin","308","308","Legacy /go slug alias","No","P2","Legacy portal slug consolidation","Code: go-slug-redirects.ts","Not required","Implemented","Do not mass-change"
"https://pmstructure.com/go/linkedin-newsletter","/go/linkedin-newsletter","/go/linkedin","/go/linkedin","308","308","Legacy /go slug alias","No","P2","Legacy portal slug consolidation","Code: go-slug-redirects.ts","Not required","Implemented","Do not mass-change"
"https://pmstructure.com/go/linkedin-profile-feed","/go/linkedin-profile-feed","/go/linkedin","/go/linkedin","308","308","Legacy /go slug alias","No","P2","Legacy portal slug consolidation","Code: go-slug-redirects.ts","Not required","Implemented","Do not mass-change"
"https://pmstructure.com/go/linkedin-video","/go/linkedin-video","/go/linkedin","/go/linkedin","308","308","Legacy /go slug alias","No","P2","Legacy portal slug consolidation","Code: go-slug-redirects.ts","Not required","Implemented","Do not mass-change"
"https://pmstructure.com/go/mastodon-federated-feed","/go/mastodon-federated-feed","/go/mastodon","/go/mastodon","308","308","Legacy /go slug alias","No","P2","Legacy portal slug consolidation","Code: go-slug-redirects.ts","Not required","Implemented","Do not mass-change"
"https://pmstructure.com/go/mastodon-threads","/go/mastodon-threads","/go/mastodon","/go/mastodon","308","308","Legacy /go slug alias","No","P2","Legacy portal slug consolidation","Code: go-slug-redirects.ts","Not required","Implemented","Do not mass-change"
"https://pmstructure.com/go/medium-article-feed","/go/medium-article-feed","/go/medium","/go/medium","308","308","Legacy /go slug alias","No","P2","Legacy portal slug consolidation","Code: go-slug-redirects.ts","Not required","Implemented","Do not mass-change"
"https://pmstructure.com/go/medium-publication","/go/medium-publication","/go/medium","/go/medium","308","308","Legacy /go slug alias","No","P2","Legacy portal slug consolidation","Code: go-slug-redirects.ts","Not required","Implemented","Do not mass-change"
"https://pmstructure.com/go/notion-documentation","/go/notion-documentation","/go/notion-public","/go/notion-public","308","308","Legacy /go slug alias","No","P2","Legacy portal slug consolidation","Code: go-slug-redirects.ts","Not required","Implemented","Do not mass-change"
"https://pmstructure.com/go/notion-public","/go/notion-public","/go/notion","/go/notion","308","308","Legacy /go slug alias","No","P2","Legacy portal slug consolidation","Code: go-slug-redirects.ts","Not required","Implemented","Do not mass-change"
"https://pmstructure.com/go/notion-public-pages","/go/notion-public-pages","/go/notion-public","/go/notion-public","308","308","Legacy /go slug alias","No","P2","Legacy portal slug consolidation","Code: go-slug-redirects.ts","Not required","Implemented","Do not mass-change"
"https://pmstructure.com/go/pinterest-pins-boards","/go/pinterest-pins-boards","/go/pinterest","/go/pinterest","308","308","Legacy /go slug alias","No","P2","Legacy portal slug consolidation","Code: go-slug-redirects.ts","Not required","Implemented","Do not mass-change"
"https://pmstructure.com/go/podbean-episode-feed","/go/podbean-episode-feed","/go/podbean","/go/podbean","308","308","Legacy /go slug alias","No","P2","Legacy portal slug consolidation","Code: go-slug-redirects.ts","Not required","Implemented","Do not mass-change"
"https://pmstructure.com/go/podbean-podcast-hosting","/go/podbean-podcast-hosting","/go/podbean","/go/podbean","308","308","Legacy /go slug alias","No","P2","Legacy portal slug consolidation","Code: go-slug-redirects.ts","Not required","Implemented","Do not mass-change"
"https://pmstructure.com/go/podcast-directories-listings","/go/podcast-directories-listings","/go/podcast-directories","/go/podcast-directories","308","308","Legacy /go slug alias","No","P2","Legacy portal slug consolidation","Code: go-slug-redirects.ts","Not required","Implemented","Do not mass-change"
"https://pmstructure.com/go/quora-answers","/go/quora-answers","/go/quora","/go/quora","308","308","Legacy /go slug alias","No","P2","Legacy portal slug consolidation","Code: go-slug-redirects.ts","Not required","Implemented","Do not mass-change"
"https://pmstructure.com/go/quora-questions","/go/quora-questions","/go/quora","/go/quora","308","308","Legacy /go slug alias","No","P2","Legacy portal slug consolidation","Code: go-slug-redirects.ts","Not required","Implemented","Do not mass-change"
"https://pmstructure.com/go/reddit-comment-threads","/go/reddit-comment-threads","/go/reddit","/go/reddit","308","308","Legacy /go slug alias","No","P2","Legacy portal slug consolidation","Code: go-slug-redirects.ts","Not required","Implemented","Do not mass-change"
"https://pmstructure.com/go/reddit-posts","/go/reddit-posts","/go/reddit","/go/reddit","308","308","Legacy /go slug alias","No","P2","Legacy portal slug consolidation","Code: go-slug-redirects.ts","Not required","Implemented","Do not mass-change"
"https://pmstructure.com/go/reddit-subreddits","/go/reddit-subreddits","/go/reddit","/go/reddit","308","308","Legacy /go slug alias","No","P2","Legacy portal slug consolidation","Code: go-slug-redirects.ts","Not required","Implemented","Do not mass-change"
"https://pmstructure.com/go/rss-feed-endpoint","/go/rss-feed-endpoint","/go/rss-feeds","/go/rss-feeds","308","308","Legacy /go slug alias","No","P2","Legacy portal slug consolidation","Code: go-slug-redirects.ts","Not required","Implemented","Do not mass-change"
"https://pmstructure.com/go/slack-private-channels","/go/slack-private-channels","/go/slack","/go/slack","308","308","Legacy /go slug alias","No","P2","Legacy portal slug consolidation","Code: go-slug-redirects.ts","Not required","Implemented","Do not mass-change"
"https://pmstructure.com/go/slack-workspace","/go/slack-workspace","/go/slack","/go/slack","308","308","Legacy /go slug alias","No","P2","Legacy portal slug consolidation","Code: go-slug-redirects.ts","Not required","Implemented","Do not mass-change"
"https://pmstructure.com/go/snapchat-story-feed","/go/snapchat-story-feed","/go/snapchat","/go/snapchat","308","308","Legacy /go slug alias","No","P2","Legacy portal slug consolidation","Code: go-slug-redirects.ts","Not required","Implemented","Do not mass-change"
"https://pmstructure.com/go/soundcloud-audio-stream-feed","/go/soundcloud-audio-stream-feed","/go/soundcloud","/go/soundcloud","308","308","Legacy /go slug alias","No","P2","Legacy portal slug consolidation","Code: go-slug-redirects.ts","Not required","Implemented","Do not mass-change"
"https://pmstructure.com/go/spotify-episode-feed","/go/spotify-episode-feed","/go/spotify","/go/spotify","308","308","Legacy /go slug alias","No","P2","Legacy portal slug consolidation","Code: go-slug-redirects.ts","Not required","Implemented","Do not mass-change"
"https://pmstructure.com/go/spotify-podcast-listing","/go/spotify-podcast-listing","/go/spotify","/go/spotify","308","308","Legacy /go slug alias","No","P2","Legacy portal slug consolidation","Code: go-slug-redirects.ts","Not required","Implemented","Do not mass-change"
"https://pmstructure.com/go/substack-newsletter","/go/substack-newsletter","/go/substack","/go/substack","308","308","Legacy /go slug alias","No","P2","Legacy portal slug consolidation","Code: go-slug-redirects.ts","Not required","Implemented","Do not mass-change"
"https://pmstructure.com/go/substack-notes","/go/substack-notes","/go/substack","/go/substack","308","308","Legacy /go slug alias","No","P2","Legacy portal slug consolidation","Code: go-slug-redirects.ts","Not required","Implemented","Do not mass-change"
"https://pmstructure.com/go/substack-posts","/go/substack-posts","/go/substack","/go/substack","308","308","Legacy /go slug alias","No","P2","Legacy portal slug consolidation","Code: go-slug-redirects.ts","Not required","Implemented","Do not mass-change"
"https://pmstructure.com/go/telegram-channels","/go/telegram-channels","/go/telegram","/go/telegram","308","308","Legacy /go slug alias","No","P2","Legacy portal slug consolidation","Code: go-slug-redirects.ts","Not required","Implemented","Do not mass-change"
"https://pmstructure.com/go/telegram-groups","/go/telegram-groups","/go/telegram","/go/telegram","308","308","Legacy /go slug alias","No","P2","Legacy portal slug consolidation","Code: go-slug-redirects.ts","Not required","Implemented","Do not mass-change"
"https://pmstructure.com/go/threads-feed","/go/threads-feed","/go/threads","/go/threads","308","308","Legacy /go slug alias","No","P2","Legacy portal slug consolidation","Code: go-slug-redirects.ts","Not required","Implemented","Do not mass-change"
"https://pmstructure.com/go/threads-threaded-posts","/go/threads-threaded-posts","/go/threads","/go/threads","308","308","Legacy /go slug alias","No","P2","Legacy portal slug consolidation","Code: go-slug-redirects.ts","Not required","Implemented","Do not mass-change"
"https://pmstructure.com/go/tiktok-video-feed","/go/tiktok-video-feed","/go/tiktok","/go/tiktok","308","308","Legacy /go slug alias","No","P2","Legacy portal slug consolidation","Code: go-slug-redirects.ts","Not required","Implemented","Do not mass-change"
"https://pmstructure.com/go/twitter","/go/twitter","/go/x","/go/x","308","308","Legacy /go slug alias","No","P2","Legacy portal slug consolidation","Code: go-slug-redirects.ts","Not required","Implemented","Do not mass-change"
"https://pmstructure.com/go/twitter-replies","/go/twitter-replies","/go/twitter","/go/twitter","308","308","Legacy /go slug alias","No","P2","Legacy portal slug consolidation","Code: go-slug-redirects.ts","Not required","Implemented","Do not mass-change"
"https://pmstructure.com/go/twitter-threads","/go/twitter-threads","/go/twitter","/go/twitter","308","308","Legacy /go slug alias","No","P2","Legacy portal slug consolidation","Code: go-slug-redirects.ts","Not required","Implemented","Do not mass-change"
"https://pmstructure.com/go/twitter-timeline","/go/twitter-timeline","/go/twitter","/go/twitter","308","308","Legacy /go slug alias","No","P2","Legacy portal slug consolidation","Code: go-slug-redirects.ts","Not required","Implemented","Do not mass-change"
"https://pmstructure.com/go/vimeo-channel","/go/vimeo-channel","/go/vimeo","/go/vimeo","308","308","Legacy /go slug alias","No","P2","Legacy portal slug consolidation","Code: go-slug-redirects.ts","Not required","Implemented","Do not mass-change"
"https://pmstructure.com/go/vimeo-video-showcase","/go/vimeo-video-showcase","/go/vimeo","/go/vimeo","308","308","Legacy /go slug alias","No","P2","Legacy portal slug consolidation","Code: go-slug-redirects.ts","Not required","Implemented","Do not mass-change"
"https://pmstructure.com/go/vk-communities","/go/vk-communities","/go/vk","/go/vk","308","308","Legacy /go slug alias","No","P2","Legacy portal slug consolidation","Code: go-slug-redirects.ts","Not required","Implemented","Do not mass-change"
"https://pmstructure.com/go/vk-feed","/go/vk-feed","/go/vk","/go/vk","308","308","Legacy /go slug alias","No","P2","Legacy portal slug consolidation","Code: go-slug-redirects.ts","Not required","Implemented","Do not mass-change"
"https://pmstructure.com/go/webinar-live-session","/go/webinar-live-session","/go/webinar","/go/webinar","308","308","Legacy /go slug alias","No","P2","Legacy portal slug consolidation","Code: go-slug-redirects.ts","Not required","Implemented","Do not mass-change"
"https://pmstructure.com/go/website-blog-posts","/go/website-blog-posts","/go/website","/go/website","308","308","Legacy /go slug alias","No","P2","Legacy portal slug consolidation","Code: go-slug-redirects.ts","Not required","Implemented","Do not mass-change"
"https://pmstructure.com/go/website-gated-content","/go/website-gated-content","/go/website","/go/website","308","308","Legacy /go slug alias","No","P2","Legacy portal slug consolidation","Code: go-slug-redirects.ts","Not required","Implemented","Do not mass-change"
"https://pmstructure.com/go/website-knowledge-pages","/go/website-knowledge-pages","/go/website","/go/website","308","308","Legacy /go slug alias","No","P2","Legacy portal slug consolidation","Code: go-slug-redirects.ts","Not required","Implemented","Do not mass-change"
"https://pmstructure.com/go/website-landing-pages","/go/website-landing-pages","/go/website","/go/website","308","308","Legacy /go slug alias","No","P2","Legacy portal slug consolidation","Code: go-slug-redirects.ts","Not required","Implemented","Do not mass-change"
"https://pmstructure.com/go/website-newsletter","/go/website-newsletter","/go/website","/go/website","308","308","Legacy /go slug alias","No","P2","Legacy portal slug consolidation","Code: go-slug-redirects.ts","Not required","Implemented","Do not mass-change"
"https://pmstructure.com/go/website-pages","/go/website-pages","/go/website","/go/website","308","308","Legacy /go slug alias","No","P2","Legacy portal slug consolidation","Code: go-slug-redirects.ts","Not required","Implemented","Do not mass-change"
"https://pmstructure.com/go/whatsapp-broadcast-channel","/go/whatsapp-broadcast-channel","/go/whatsapp","/go/whatsapp","308","308","Legacy /go slug alias","No","P2","Legacy portal slug consolidation","Code: go-slug-redirects.ts","Not required","Implemented","Do not mass-change"
"https://pmstructure.com/go/youtube-channel","/go/youtube-channel","/go/youtube","/go/youtube","308","308","Legacy /go slug alias","No","P2","Legacy portal slug consolidation","Code: go-slug-redirects.ts","Not required","Implemented","Do not mass-change"
"https://pmstructure.com/go/youtube-long-form-video","/go/youtube-long-form-video","/go/youtube","/go/youtube","308","308","Legacy /go slug alias","No","P2","Legacy portal slug consolidation","Code: go-slug-redirects.ts","Not required","Implemented","Do not mass-change"
"https://pmstructure.com/go/youtube-search-video-results","/go/youtube-search-video-results","/go/youtube-search","/go/youtube-search","308","308","Legacy /go slug alias","No","P2","Legacy portal slug consolidation","Code: go-slug-redirects.ts","Not required","Implemented","Do not mass-change"
"https://pmstructure.com/go/youtube-shorts","/go/youtube-shorts","/go/youtube","/go/youtube","308","308","Legacy /go slug alias","No","P2","Legacy portal slug consolidation","Code: go-slug-redirects.ts","Not required","Implemented","Do not mass-change"
"https://pmstructure.com/legal/pricing","/legal/pricing","/legal/pricing-disclaimers","/legal/pricing-disclaimers","308","308","Legacy slug redirect","No","P2","Legal slug correction","Code: next.config.ts + page fallbacks","Not required","Implemented",""
"https://pmstructure.com/legalhub","/legalhub","/legal","/legal","308","308","Legacy slug redirect","No","P1","Legal hub rename","Code: next.config.ts + page fallbacks","Not required","Implemented",""
"https://pmstructure.com/legalhub","/legalhub/:path*","/legal/:path*","/legal/:path*","308","308","Legacy slug redirect","No","P1","Legal hub rename","Code: next.config.ts + page fallbacks","Not required","Implemented",""
"https://pmstructure.com/login","/login","/admin/login","/admin/login","308","308","Admin URL migration","No","P2","Legacy /login path to bundled admin","Code: next.config.ts + page fallbacks","Not required","Implemented",""
"https://pmstructure.com/login","/login/:path*","/admin/login/:path*","/admin/login/:path*","308","308","Admin URL migration","No","P2","Legacy /login path to bundled admin","Code: next.config.ts + page fallbacks","Not required","Implemented",""
"https://pmstructure.com/privacy","/privacy","/legal/privacy","/legal/privacy","308","308","Legacy slug redirect","No","P1","Privacy moved under /legal","Code: next.config.ts + page fallbacks","Not required","Implemented",""
"https://pmstructure.com/store","/store","/community?view=store","/community?view=store","308","308","Legacy slug redirect","No","P1","Store tab consolidated under community","Code: next.config.ts + page fallbacks","Not required","Implemented",""
"https://pmstructure.com/checkout","/checkout","Stripe/session URLs","Dynamic","302/303","302","Payment session redirect","Yes","P0","Checkout depends on cart/session state","Stripe/API","Not required","N/A","Do not convert to 301"
"https://pmstructure.com/admin","/admin","/admin/login","/admin/login","307","307","Auth entry redirect","Yes","P1","Unauthenticated admin entry may vary by session","Code: next.config.ts permanent:false","Not required","Implemented","Keep temporary"
"https://pmstructure.com/go/meeting","/go/meeting","External booking (in-page CTA)","External URL","N/A","N/A","Marketing portal page","Yes","P2","/go/{channel} renders portal; external links are client CTAs not HTTP redirects","Example only","Required","Not applicable","Do not HTTP-convert without owner approval"
