Source_URL,Source_Path,Current_Target,Recommended_Target,Current_Status,Recommended_Status,Redirect_Type,Priority,Data_Source,Reason,Owner_Approval,Implementation_Status,Notes
"https://pmstructure.com/admin","/admin","/admin/login","/admin/login","307","307","Auth entry redirect","P1","Code: next.config.ts + page fallbacks","Unauthenticated admin entry may vary by session","Not required","Implemented",""
"https://pmstructure.com/answers/does-pm-structure-guarantee-a-pmp-pass","/answers/does-pm-structure-guarantee-a-pmp-pass","/answers/does-pm-structure-guarantee-pmp-success","/answers/does-pm-structure-guarantee-pmp-success","308","308","Answer slug rename","P2","Code: next.config.ts + page fallbacks","Permanent content rename","Not required","Implemented",""
"https://pmstructure.com/answers/is-pm-structure-a-pmi-authorized-training-partner","/answers/is-pm-structure-a-pmi-authorized-training-partner","/answers/is-pm-structure-an-official-pmi-atp","/answers/is-pm-structure-an-official-pmi-atp","308","308","Answer slug rename","P2","Code: next.config.ts + page fallbacks","Permanent content rename","Not required","Implemented",""
"https://pmstructure.com/compare","/compare","/certifications/compare","/certifications/compare","308","308","Legacy slug redirect","P1","Code: next.config.ts + page fallbacks","Stable permanent slug move","Not required","Implemented",""
"https://pmstructure.com/dashboard","/dashboard","/admin/dashboard","/admin/dashboard","308","308","Admin URL migration","P2","Code: next.config.ts + page fallbacks","Legacy /dashboard path to bundled admin","Not required","Implemented",""
"https://pmstructure.com/dashboard","/dashboard/:path*","/admin/dashboard/:path*","/admin/dashboard/:path*","308","308","Admin URL migration","P2","Code: next.config.ts + page fallbacks","Legacy /dashboard path to bundled admin","Not required","Implemented",""
"https://pmstructure.com/go","/go","/go/website","/go/website","308","308","Default portal entry","P0","Code: next.config.ts + page fallbacks","Default portal entry is stable","Not required","Implemented",""
"https://pmstructure.com/go/aggregators-aggregated-feeds","/go/aggregators-aggregated-feeds","/go/content-aggregators","/go/content-aggregators","308","308","Legacy /go slug alias","P2","Code: go-slug-redirects.ts","Legacy portal slug consolidation","Not required","Implemented","Do not mass-change"
"https://pmstructure.com/go/ai-visibility-json-integration","/go/ai-visibility-json-integration","/go/ai-visibility","/go/ai-visibility","308","308","Legacy /go slug alias","P2","Code: go-slug-redirects.ts","Legacy portal slug consolidation","Not required","Implemented","Do not mass-change"
"https://pmstructure.com/go/amazon-audible-episode-feed","/go/amazon-audible-episode-feed","/go/amazon-audible","/go/amazon-audible","308","308","Legacy /go slug alias","P2","Code: go-slug-redirects.ts","Legacy portal slug consolidation","Not required","Implemented","Do not mass-change"
"https://pmstructure.com/go/amazon-audible-podcast-listing","/go/amazon-audible-podcast-listing","/go/amazon-audible","/go/amazon-audible","308","308","Legacy /go slug alias","P2","Code: go-slug-redirects.ts","Legacy portal slug consolidation","Not required","Implemented","Do not mass-change"
"https://pmstructure.com/go/api-knowledge-endpoints","/go/api-knowledge-endpoints","/go/api-ai-fed","/go/api-ai-fed","308","308","Legacy /go slug alias","P2","Code: go-slug-redirects.ts","Legacy portal slug consolidation","Not required","Implemented","Do not mass-change"
"https://pmstructure.com/go/apple-podcasts-episode-feed","/go/apple-podcasts-episode-feed","/go/apple-podcasts","/go/apple-podcasts","308","308","Legacy /go slug alias","P2","Code: go-slug-redirects.ts","Legacy portal slug consolidation","Not required","Implemented","Do not mass-change"
"https://pmstructure.com/go/apple-podcasts-podcast-listing","/go/apple-podcasts-podcast-listing","/go/apple-podcasts","/go/apple-podcasts","308","308","Legacy /go slug alias","P2","Code: go-slug-redirects.ts","Legacy portal slug consolidation","Not required","Implemented","Do not mass-change"
"https://pmstructure.com/go/beehiiv-newsletter","/go/beehiiv-newsletter","/go/beehiiv","/go/beehiiv","308","308","Legacy /go slug alias","P2","Code: go-slug-redirects.ts","Legacy portal slug consolidation","Not required","Implemented","Do not mass-change"
"https://pmstructure.com/go/beehiiv-post-feed","/go/beehiiv-post-feed","/go/beehiiv","/go/beehiiv","308","308","Legacy /go slug alias","P2","Code: go-slug-redirects.ts","Legacy portal slug consolidation","Not required","Implemented","Do not mass-change"
"https://pmstructure.com/go/bing-search-indexed-pages","/go/bing-search-indexed-pages","/go/bing-search","/go/bing-search","308","308","Legacy /go slug alias","P2","Code: go-slug-redirects.ts","Legacy portal slug consolidation","Not required","Implemented","Do not mass-change"
"https://pmstructure.com/go/bing-search-serp-results","/go/bing-search-serp-results","/go/bing-search","/go/bing-search","308","308","Legacy /go slug alias","P2","Code: go-slug-redirects.ts","Legacy portal slug consolidation","Not required","Implemented","Do not mass-change"
"https://pmstructure.com/go/bluesky-feed","/go/bluesky-feed","/go/bluesky","/go/bluesky","308","308","Legacy /go slug alias","P2","Code: go-slug-redirects.ts","Legacy portal slug consolidation","Not required","Implemented","Do not mass-change"
"https://pmstructure.com/go/bluesky-threads","/go/bluesky-threads","/go/bluesky","/go/bluesky","308","308","Legacy /go slug alias","P2","Code: go-slug-redirects.ts","Legacy portal slug consolidation","Not required","Implemented","Do not mass-change"
"https://pmstructure.com/go/discord-channels","/go/discord-channels","/go/discord","/go/discord","308","308","Legacy /go slug alias","P2","Code: go-slug-redirects.ts","Legacy portal slug consolidation","Not required","Implemented","Do not mass-change"
"https://pmstructure.com/go/discord-server","/go/discord-server","/go/discord","/go/discord","308","308","Legacy /go slug alias","P2","Code: go-slug-redirects.ts","Legacy portal slug consolidation","Not required","Implemented","Do not mass-change"
"https://pmstructure.com/go/discord-threads","/go/discord-threads","/go/discord","/go/discord","308","308","Legacy /go slug alias","P2","Code: go-slug-redirects.ts","Legacy portal slug consolidation","Not required","Implemented","Do not mass-change"
"https://pmstructure.com/go/email-inbox-delivery","/go/email-inbox-delivery","/go/email","/go/email","308","308","Legacy /go slug alias","P2","Code: go-slug-redirects.ts","Legacy portal slug consolidation","Not required","Implemented","Do not mass-change"
"https://pmstructure.com/go/email-mailing-list","/go/email-mailing-list","/go/email","/go/email","308","308","Legacy /go slug alias","P2","Code: go-slug-redirects.ts","Legacy portal slug consolidation","Not required","Implemented","Do not mass-change"
"https://pmstructure.com/go/facebook-feed","/go/facebook-feed","/go/facebook","/go/facebook","308","308","Legacy /go slug alias","P2","Code: go-slug-redirects.ts","Legacy portal slug consolidation","Not required","Implemented","Do not mass-change"
"https://pmstructure.com/go/facebook-groups","/go/facebook-groups","/go/facebook","/go/facebook","308","308","Legacy /go slug alias","P2","Code: go-slug-redirects.ts","Legacy portal slug consolidation","Not required","Implemented","Do not mass-change"
"https://pmstructure.com/go/facebook-page","/go/facebook-page","/go/facebook","/go/facebook","308","308","Legacy /go slug alias","P2","Code: go-slug-redirects.ts","Legacy portal slug consolidation","Not required","Implemented","Do not mass-change"
"https://pmstructure.com/go/facebook-profile","/go/facebook-profile","/go/facebook","/go/facebook","308","308","Legacy /go slug alias","P2","Code: go-slug-redirects.ts","Legacy portal slug consolidation","Not required","Implemented","Do not mass-change"
"https://pmstructure.com/go/ghost-blog-posts","/go/ghost-blog-posts","/go/ghost","/go/ghost","308","308","Legacy /go slug alias","P2","Code: go-slug-redirects.ts","Legacy portal slug consolidation","Not required","Implemented","Do not mass-change"
"https://pmstructure.com/go/ghost-newsletter","/go/ghost-newsletter","/go/ghost","/go/ghost","308","308","Legacy /go slug alias","P2","Code: go-slug-redirects.ts","Legacy portal slug consolidation","Not required","Implemented","Do not mass-change"
"https://pmstructure.com/go/google-podcasts-episode-feed","/go/google-podcasts-episode-feed","/go/google-podcasts","/go/google-podcasts","308","308","Legacy /go slug alias","P2","Code: go-slug-redirects.ts","Legacy portal slug consolidation","Not required","Implemented","Do not mass-change"
"https://pmstructure.com/go/google-podcasts-podcast-listing","/go/google-podcasts-podcast-listing","/go/google-podcasts","/go/google-podcasts","308","308","Legacy /go slug alias","P2","Code: go-slug-redirects.ts","Legacy portal slug consolidation","Not required","Implemented","Do not mass-change"
"https://pmstructure.com/go/google-search-indexed-pages","/go/google-search-indexed-pages","/go/google-search","/go/google-search","308","308","Legacy /go slug alias","P2","Code: go-slug-redirects.ts","Legacy portal slug consolidation","Not required","Implemented","Do not mass-change"
"https://pmstructure.com/go/google-search-serp-results","/go/google-search-serp-results","/go/google-search","/go/google-search","308","308","Legacy /go slug alias","P2","Code: go-slug-redirects.ts","Legacy portal slug consolidation","Not required","Implemented","Do not mass-change"
"https://pmstructure.com/go/hashnode-article-feed","/go/hashnode-article-feed","/go/hashnode","/go/hashnode","308","308","Legacy /go slug alias","P2","Code: go-slug-redirects.ts","Legacy portal slug consolidation","Not required","Implemented","Do not mass-change"
"https://pmstructure.com/go/instagram-broadcast-channel","/go/instagram-broadcast-channel","/go/instagram","/go/instagram","308","308","Legacy /go slug alias","P2","Code: go-slug-redirects.ts","Legacy portal slug consolidation","Not required","Implemented","Do not mass-change"
"https://pmstructure.com/go/instagram-feed","/go/instagram-feed","/go/instagram","/go/instagram","308","308","Legacy /go slug alias","P2","Code: go-slug-redirects.ts","Legacy portal slug consolidation","Not required","Implemented","Do not mass-change"
"https://pmstructure.com/go/instagram-reels","/go/instagram-reels","/go/instagram","/go/instagram","308","308","Legacy /go slug alias","P2","Code: go-slug-redirects.ts","Legacy portal slug consolidation","Not required","Implemented","Do not mass-change"
"https://pmstructure.com/go/instagram-stories","/go/instagram-stories","/go/instagram","/go/instagram","308","308","Legacy /go slug alias","P2","Code: go-slug-redirects.ts","Legacy portal slug consolidation","Not required","Implemented","Do not mass-change"
"https://pmstructure.com/go/linkedin-articles","/go/linkedin-articles","/go/linkedin","/go/linkedin","308","308","Legacy /go slug alias","P2","Code: go-slug-redirects.ts","Legacy portal slug consolidation","Not required","Implemented","Do not mass-change"
"https://pmstructure.com/go/linkedin-company-page","/go/linkedin-company-page","/go/linkedin","/go/linkedin","308","308","Legacy /go slug alias","P2","Code: go-slug-redirects.ts","Legacy portal slug consolidation","Not required","Implemented","Do not mass-change"
"https://pmstructure.com/go/linkedin-newsletter","/go/linkedin-newsletter","/go/linkedin","/go/linkedin","308","308","Legacy /go slug alias","P2","Code: go-slug-redirects.ts","Legacy portal slug consolidation","Not required","Implemented","Do not mass-change"
"https://pmstructure.com/go/linkedin-profile-feed","/go/linkedin-profile-feed","/go/linkedin","/go/linkedin","308","308","Legacy /go slug alias","P2","Code: go-slug-redirects.ts","Legacy portal slug consolidation","Not required","Implemented","Do not mass-change"
"https://pmstructure.com/go/linkedin-video","/go/linkedin-video","/go/linkedin","/go/linkedin","308","308","Legacy /go slug alias","P2","Code: go-slug-redirects.ts","Legacy portal slug consolidation","Not required","Implemented","Do not mass-change"
"https://pmstructure.com/go/mastodon-federated-feed","/go/mastodon-federated-feed","/go/mastodon","/go/mastodon","308","308","Legacy /go slug alias","P2","Code: go-slug-redirects.ts","Legacy portal slug consolidation","Not required","Implemented","Do not mass-change"
"https://pmstructure.com/go/mastodon-threads","/go/mastodon-threads","/go/mastodon","/go/mastodon","308","308","Legacy /go slug alias","P2","Code: go-slug-redirects.ts","Legacy portal slug consolidation","Not required","Implemented","Do not mass-change"
"https://pmstructure.com/go/medium-article-feed","/go/medium-article-feed","/go/medium","/go/medium","308","308","Legacy /go slug alias","P2","Code: go-slug-redirects.ts","Legacy portal slug consolidation","Not required","Implemented","Do not mass-change"
"https://pmstructure.com/go/medium-publication","/go/medium-publication","/go/medium","/go/medium","308","308","Legacy /go slug alias","P2","Code: go-slug-redirects.ts","Legacy portal slug consolidation","Not required","Implemented","Do not mass-change"
"https://pmstructure.com/go/notion-documentation","/go/notion-documentation","/go/notion-public","/go/notion-public","308","308","Legacy /go slug alias","P2","Code: go-slug-redirects.ts","Legacy portal slug consolidation","Not required","Implemented","Do not mass-change"
"https://pmstructure.com/go/notion-public","/go/notion-public","/go/notion","/go/notion","308","308","Legacy /go slug alias","P2","Code: go-slug-redirects.ts","Legacy portal slug consolidation","Not required","Implemented","Do not mass-change"
"https://pmstructure.com/go/notion-public-pages","/go/notion-public-pages","/go/notion-public","/go/notion-public","308","308","Legacy /go slug alias","P2","Code: go-slug-redirects.ts","Legacy portal slug consolidation","Not required","Implemented","Do not mass-change"
"https://pmstructure.com/go/pinterest-pins-boards","/go/pinterest-pins-boards","/go/pinterest","/go/pinterest","308","308","Legacy /go slug alias","P2","Code: go-slug-redirects.ts","Legacy portal slug consolidation","Not required","Implemented","Do not mass-change"
"https://pmstructure.com/go/podbean-episode-feed","/go/podbean-episode-feed","/go/podbean","/go/podbean","308","308","Legacy /go slug alias","P2","Code: go-slug-redirects.ts","Legacy portal slug consolidation","Not required","Implemented","Do not mass-change"
"https://pmstructure.com/go/podbean-podcast-hosting","/go/podbean-podcast-hosting","/go/podbean","/go/podbean","308","308","Legacy /go slug alias","P2","Code: go-slug-redirects.ts","Legacy portal slug consolidation","Not required","Implemented","Do not mass-change"
"https://pmstructure.com/go/podcast-directories-listings","/go/podcast-directories-listings","/go/podcast-directories","/go/podcast-directories","308","308","Legacy /go slug alias","P2","Code: go-slug-redirects.ts","Legacy portal slug consolidation","Not required","Implemented","Do not mass-change"
"https://pmstructure.com/go/quora-answers","/go/quora-answers","/go/quora","/go/quora","308","308","Legacy /go slug alias","P2","Code: go-slug-redirects.ts","Legacy portal slug consolidation","Not required","Implemented","Do not mass-change"
"https://pmstructure.com/go/quora-questions","/go/quora-questions","/go/quora","/go/quora","308","308","Legacy /go slug alias","P2","Code: go-slug-redirects.ts","Legacy portal slug consolidation","Not required","Implemented","Do not mass-change"
"https://pmstructure.com/go/reddit-comment-threads","/go/reddit-comment-threads","/go/reddit","/go/reddit","308","308","Legacy /go slug alias","P2","Code: go-slug-redirects.ts","Legacy portal slug consolidation","Not required","Implemented","Do not mass-change"
"https://pmstructure.com/go/reddit-posts","/go/reddit-posts","/go/reddit","/go/reddit","308","308","Legacy /go slug alias","P2","Code: go-slug-redirects.ts","Legacy portal slug consolidation","Not required","Implemented","Do not mass-change"
"https://pmstructure.com/go/reddit-subreddits","/go/reddit-subreddits","/go/reddit","/go/reddit","308","308","Legacy /go slug alias","P2","Code: go-slug-redirects.ts","Legacy portal slug consolidation","Not required","Implemented","Do not mass-change"
"https://pmstructure.com/go/rss-feed-endpoint","/go/rss-feed-endpoint","/go/rss-feeds","/go/rss-feeds","308","308","Legacy /go slug alias","P2","Code: go-slug-redirects.ts","Legacy portal slug consolidation","Not required","Implemented","Do not mass-change"
"https://pmstructure.com/go/slack-private-channels","/go/slack-private-channels","/go/slack","/go/slack","308","308","Legacy /go slug alias","P2","Code: go-slug-redirects.ts","Legacy portal slug consolidation","Not required","Implemented","Do not mass-change"
"https://pmstructure.com/go/slack-workspace","/go/slack-workspace","/go/slack","/go/slack","308","308","Legacy /go slug alias","P2","Code: go-slug-redirects.ts","Legacy portal slug consolidation","Not required","Implemented","Do not mass-change"
"https://pmstructure.com/go/snapchat-story-feed","/go/snapchat-story-feed","/go/snapchat","/go/snapchat","308","308","Legacy /go slug alias","P2","Code: go-slug-redirects.ts","Legacy portal slug consolidation","Not required","Implemented","Do not mass-change"
"https://pmstructure.com/go/soundcloud-audio-stream-feed","/go/soundcloud-audio-stream-feed","/go/soundcloud","/go/soundcloud","308","308","Legacy /go slug alias","P2","Code: go-slug-redirects.ts","Legacy portal slug consolidation","Not required","Implemented","Do not mass-change"
"https://pmstructure.com/go/spotify-episode-feed","/go/spotify-episode-feed","/go/spotify","/go/spotify","308","308","Legacy /go slug alias","P2","Code: go-slug-redirects.ts","Legacy portal slug consolidation","Not required","Implemented","Do not mass-change"
"https://pmstructure.com/go/spotify-podcast-listing","/go/spotify-podcast-listing","/go/spotify","/go/spotify","308","308","Legacy /go slug alias","P2","Code: go-slug-redirects.ts","Legacy portal slug consolidation","Not required","Implemented","Do not mass-change"
"https://pmstructure.com/go/substack-newsletter","/go/substack-newsletter","/go/substack","/go/substack","308","308","Legacy /go slug alias","P2","Code: go-slug-redirects.ts","Legacy portal slug consolidation","Not required","Implemented","Do not mass-change"
"https://pmstructure.com/go/substack-notes","/go/substack-notes","/go/substack","/go/substack","308","308","Legacy /go slug alias","P2","Code: go-slug-redirects.ts","Legacy portal slug consolidation","Not required","Implemented","Do not mass-change"
"https://pmstructure.com/go/substack-posts","/go/substack-posts","/go/substack","/go/substack","308","308","Legacy /go slug alias","P2","Code: go-slug-redirects.ts","Legacy portal slug consolidation","Not required","Implemented","Do not mass-change"
"https://pmstructure.com/go/telegram-channels","/go/telegram-channels","/go/telegram","/go/telegram","308","308","Legacy /go slug alias","P2","Code: go-slug-redirects.ts","Legacy portal slug consolidation","Not required","Implemented","Do not mass-change"
"https://pmstructure.com/go/telegram-groups","/go/telegram-groups","/go/telegram","/go/telegram","308","308","Legacy /go slug alias","P2","Code: go-slug-redirects.ts","Legacy portal slug consolidation","Not required","Implemented","Do not mass-change"
"https://pmstructure.com/go/threads-feed","/go/threads-feed","/go/threads","/go/threads","308","308","Legacy /go slug alias","P2","Code: go-slug-redirects.ts","Legacy portal slug consolidation","Not required","Implemented","Do not mass-change"
"https://pmstructure.com/go/threads-threaded-posts","/go/threads-threaded-posts","/go/threads","/go/threads","308","308","Legacy /go slug alias","P2","Code: go-slug-redirects.ts","Legacy portal slug consolidation","Not required","Implemented","Do not mass-change"
"https://pmstructure.com/go/tiktok-video-feed","/go/tiktok-video-feed","/go/tiktok","/go/tiktok","308","308","Legacy /go slug alias","P2","Code: go-slug-redirects.ts","Legacy portal slug consolidation","Not required","Implemented","Do not mass-change"
"https://pmstructure.com/go/twitter","/go/twitter","/go/x","/go/x","308","308","Legacy /go slug alias","P2","Code: go-slug-redirects.ts","Legacy portal slug consolidation","Not required","Implemented","Do not mass-change"
"https://pmstructure.com/go/twitter-replies","/go/twitter-replies","/go/twitter","/go/twitter","308","308","Legacy /go slug alias","P2","Code: go-slug-redirects.ts","Legacy portal slug consolidation","Not required","Implemented","Do not mass-change"
"https://pmstructure.com/go/twitter-threads","/go/twitter-threads","/go/twitter","/go/twitter","308","308","Legacy /go slug alias","P2","Code: go-slug-redirects.ts","Legacy portal slug consolidation","Not required","Implemented","Do not mass-change"
"https://pmstructure.com/go/twitter-timeline","/go/twitter-timeline","/go/twitter","/go/twitter","308","308","Legacy /go slug alias","P2","Code: go-slug-redirects.ts","Legacy portal slug consolidation","Not required","Implemented","Do not mass-change"
"https://pmstructure.com/go/vimeo-channel","/go/vimeo-channel","/go/vimeo","/go/vimeo","308","308","Legacy /go slug alias","P2","Code: go-slug-redirects.ts","Legacy portal slug consolidation","Not required","Implemented","Do not mass-change"
"https://pmstructure.com/go/vimeo-video-showcase","/go/vimeo-video-showcase","/go/vimeo","/go/vimeo","308","308","Legacy /go slug alias","P2","Code: go-slug-redirects.ts","Legacy portal slug consolidation","Not required","Implemented","Do not mass-change"
"https://pmstructure.com/go/vk-communities","/go/vk-communities","/go/vk","/go/vk","308","308","Legacy /go slug alias","P2","Code: go-slug-redirects.ts","Legacy portal slug consolidation","Not required","Implemented","Do not mass-change"
"https://pmstructure.com/go/vk-feed","/go/vk-feed","/go/vk","/go/vk","308","308","Legacy /go slug alias","P2","Code: go-slug-redirects.ts","Legacy portal slug consolidation","Not required","Implemented","Do not mass-change"
"https://pmstructure.com/go/webinar-live-session","/go/webinar-live-session","/go/webinar","/go/webinar","308","308","Legacy /go slug alias","P2","Code: go-slug-redirects.ts","Legacy portal slug consolidation","Not required","Implemented","Do not mass-change"
"https://pmstructure.com/go/website-blog-posts","/go/website-blog-posts","/go/website","/go/website","308","308","Legacy /go slug alias","P2","Code: go-slug-redirects.ts","Legacy portal slug consolidation","Not required","Implemented","Do not mass-change"
"https://pmstructure.com/go/website-gated-content","/go/website-gated-content","/go/website","/go/website","308","308","Legacy /go slug alias","P2","Code: go-slug-redirects.ts","Legacy portal slug consolidation","Not required","Implemented","Do not mass-change"
"https://pmstructure.com/go/website-knowledge-pages","/go/website-knowledge-pages","/go/website","/go/website","308","308","Legacy /go slug alias","P2","Code: go-slug-redirects.ts","Legacy portal slug consolidation","Not required","Implemented","Do not mass-change"
"https://pmstructure.com/go/website-landing-pages","/go/website-landing-pages","/go/website","/go/website","308","308","Legacy /go slug alias","P2","Code: go-slug-redirects.ts","Legacy portal slug consolidation","Not required","Implemented","Do not mass-change"
"https://pmstructure.com/go/website-newsletter","/go/website-newsletter","/go/website","/go/website","308","308","Legacy /go slug alias","P2","Code: go-slug-redirects.ts","Legacy portal slug consolidation","Not required","Implemented","Do not mass-change"
"https://pmstructure.com/go/website-pages","/go/website-pages","/go/website","/go/website","308","308","Legacy /go slug alias","P2","Code: go-slug-redirects.ts","Legacy portal slug consolidation","Not required","Implemented","Do not mass-change"
"https://pmstructure.com/go/whatsapp-broadcast-channel","/go/whatsapp-broadcast-channel","/go/whatsapp","/go/whatsapp","308","308","Legacy /go slug alias","P2","Code: go-slug-redirects.ts","Legacy portal slug consolidation","Not required","Implemented","Do not mass-change"
"https://pmstructure.com/go/youtube-channel","/go/youtube-channel","/go/youtube","/go/youtube","308","308","Legacy /go slug alias","P2","Code: go-slug-redirects.ts","Legacy portal slug consolidation","Not required","Implemented","Do not mass-change"
"https://pmstructure.com/go/youtube-long-form-video","/go/youtube-long-form-video","/go/youtube","/go/youtube","308","308","Legacy /go slug alias","P2","Code: go-slug-redirects.ts","Legacy portal slug consolidation","Not required","Implemented","Do not mass-change"
"https://pmstructure.com/go/youtube-search-video-results","/go/youtube-search-video-results","/go/youtube-search","/go/youtube-search","308","308","Legacy /go slug alias","P2","Code: go-slug-redirects.ts","Legacy portal slug consolidation","Not required","Implemented","Do not mass-change"
"https://pmstructure.com/go/youtube-shorts","/go/youtube-shorts","/go/youtube","/go/youtube","308","308","Legacy /go slug alias","P2","Code: go-slug-redirects.ts","Legacy portal slug consolidation","Not required","Implemented","Do not mass-change"
"https://pmstructure.com/legal/pricing","/legal/pricing","/legal/pricing-disclaimers","/legal/pricing-disclaimers","308","308","Legacy slug redirect","P2","Code: next.config.ts + page fallbacks","Legal slug correction","Not required","Implemented",""
"https://pmstructure.com/legalhub","/legalhub","/legal","/legal","308","308","Legacy slug redirect","P1","Code: next.config.ts + page fallbacks","Legal hub rename","Not required","Implemented",""
"https://pmstructure.com/legalhub","/legalhub/:path*","/legal/:path*","/legal/:path*","308","308","Legacy slug redirect","P1","Code: next.config.ts + page fallbacks","Legal hub rename","Not required","Implemented",""
"https://pmstructure.com/login","/login","/admin/login","/admin/login","308","308","Admin URL migration","P2","Code: next.config.ts + page fallbacks","Legacy /login path to bundled admin","Not required","Implemented",""
"https://pmstructure.com/login","/login/:path*","/admin/login/:path*","/admin/login/:path*","308","308","Admin URL migration","P2","Code: next.config.ts + page fallbacks","Legacy /login path to bundled admin","Not required","Implemented",""
"https://pmstructure.com/privacy","/privacy","/legal/privacy","/legal/privacy","308","308","Legacy slug redirect","P1","Code: next.config.ts + page fallbacks","Privacy moved under /legal","Not required","Implemented",""
"https://pmstructure.com/store","/store","/community?view=store","/community?view=store","308","308","Legacy slug redirect","P1","Code: next.config.ts + page fallbacks","Store tab consolidated under community","Not required","Implemented",""
"https://pmstructure.com/terms","/terms","/legal/terms","/legal/terms","308","308","Legacy slug redirect","P1","Code: next.config.ts + page fallbacks","Terms moved under /legal","Not required","Implemented",""
"https://pmstructure.com/pmp","/pmp","TBD","https://pmstructure.com/certifications/pmp","TBD","301","Old PMP URL","P1","Example only","Would map to commercial page ONLY if GSC proves separate dead legacy URL — /pmp is a LIVE indexed hub","Required","Not implemented","Do not implement — /pmp is live (T-032 pillar)"
"https://pmstructure.com/pmp-exam-2026","/pmp-exam-2026","TBD","https://pmstructure.com/topics/pmp-exam-2026","TBD","301","Old PMP 2026 URL","P1","Example only","Would map to topic hub ONLY if GSC proves separate dead URL — page is LIVE indexed cluster guide","Required","Not implemented","Do not implement — /pmp-exam-2026 is live"
"https://pmstructure.com/pmp-certification","/pmp-certification","TBD","https://pmstructure.com/certifications/pmp","TBD","301","Old SEO URL","P1","Example only","Route not in repo — owner decision if GSC/crawl shows traffic","Required","Not implemented","Do not implement until found in GSC/crawl/logs or approved"
"https://pmstructure.com/prince2","/prince2","TBD","https://pmstructure.com/certifications/prince2-practitioner","TBD","301","Old cert slug","P2","Example only","Route not in repo","Required","Not implemented","Map only if approved from crawl data"
"https://pmstructure.com/pmi-rmp","/pmi-rmp","TBD","https://pmstructure.com/certifications/pmi-rmp","TBD","301","Old cert slug","P2","Example only","Route not in repo","Required","Not implemented","Map only if approved from crawl data"
