Platform,URL,Surface,Aria_Label,Approved,Owner,Notes
LinkedIn,https://www.linkedin.com/in/sh3ikhmabz,Footer icon row,LinkedIn profile of Sheikh M. Abdullah,TBD,Sheikh M. Abdullah,Founder handle @sh3ikhmabz — confirm PM Structure vs personal brand
X,https://x.com/sh3ikhmabz,Footer icon row,X profile of Sheikh M. Abdullah,TBD,Sheikh M. Abdullah,Founder handle @sh3ikhmabz
YouTube,https://www.youtube.com/@sh3ikhmabz,Footer icon row,YouTube channel of Sheikh M. Abdullah,TBD,Sheikh M. Abdullah,
Instagram,https://www.instagram.com/sh3ikhmabz/,Footer icon row,Instagram profile of Sheikh M. Abdullah,TBD,Sheikh M. Abdullah,
Facebook,https://www.facebook.com/sh3ikhmabz,Footer icon row,Facebook profile of Sheikh M. Abdullah,TBD,Sheikh M. Abdullah,
TikTok,https://www.tiktok.com/@sh3ikhmabz,Footer icon row,TikTok profile of Sheikh M. Abdullah,TBD,Sheikh M. Abdullah,
Pinterest,https://www.pinterest.com/sh3ikhmabz/,Footer icon row,Pinterest profile of Sheikh M. Abdullah,TBD,Sheikh M. Abdullah,
WhatsApp,https://wa.me/447947540939,Footer support block,WhatsApp support chat,TBD,Sheikh M. Abdullah,From PMS_WHATSAPP_URL default
Support email,support@pmstructure.com,Footer + Contact,Email support,TBD,Sheikh M. Abdullah,PMS_SUPPORT_EMAIL
