Batch_ID,Batch_Name,Ask_Inventory_Status,Plan_Status,Agent_Status,Files_Changed,Build_Result,Lint_Result,Typecheck_Result,Manual_QA_Status,Deployment_Status,Post_Deploy_Check_Status,Owner_Approval,Open_Risks,Next_Action,Status,Notes
B03,Analytics + conversion tracking,Completed,Completed,Completed,See B03 docs/scripts,Pass,TBD,N/A,Pending,Deployed,Pending,Required,"GSC/GA4 live proof pending per owner register","Mahaa: DebugView + Tag Assistant evidence in scan CSV",Implemented,"npm run seo:audit-analytics"
B04,Crawl + indexation controls,Completed,Completed,Completed,See B04 docs/scripts,Pass,TBD,N/A,Pending,Deployed,Pending,Required,TBD,"Weekly: seo:audit-crawl-indexation --base=",Implemented,"npm run seo:audit-crawl-indexation"
B05,Redirects + URL canonicalization,Completed,Completed,Completed,See B05 docs/scripts,Pass,TBD,N/A,Pending,Deployed,Pending,Required,TBD,"Weekly: seo:audit-redirects --base=",Implemented,"npm run seo:audit-redirects"
B06,Architecture + on-page SEO,Completed,Completed,Completed,See B06 docs/scripts,Pass,TBD,N/A,Pending,Deployed,Pending,Required,TBD,TBD,Implemented,"npm run seo:audit-on-page-seo"
B07,Schema + OG metadata,Completed,Completed,Completed,See B07 scripts,Pass,TBD,N/A,Pending,Deployed,Pending,Required,TBD,"Rich Results Test link in scan CSV",Implemented,"npm run seo:schema-guards-check"
B08,Performance + images,Completed,Completed,Completed,See B08 docs/scripts,Pass,TBD,N/A,Pending,Deployed,Pending,Required,"PageSpeed TBD in performance audit CSV","PSI links in scan CSV",Implemented,"npm run audit:performance-assets"
B09,Technical hygiene,Completed,Completed,Completed,See B09 docs/scripts,Pass,TBD,N/A,Pending,Deployed,Pending,Required,TBD,TBD,Implemented,"npm run audit:technical-hygiene"
B10,Competitor benchmark,Completed,Completed,Completed,See B10 docs/CSVs,Pass,TBD,N/A,Pending,Deployed,Pending,Required,"Competitor metrics TBD",Mahaa SERP notes weekly,Implemented,"npm run audit:competitor-benchmark"
B11,Content engine,Completed,Completed,Completed,See B11 docs/CSVs,Pass,TBD,N/A,Pending,Deployed,Pending,Required,TBD,TBD,Implemented,"npm run audit:content-engine"
B12,Offer + trust layer,Completed,Completed,Completed,See B12 docs/scripts,Pass,TBD,N/A,Pending,Deployed,Pending,Required,"17 owner-blocked items in plan",Owner testimonial/Skool decisions,Implemented,"npm run audit:offer-trust"
B13,Reporting + recurring QA,Completed,Completed,Completed,B13 docs/CSVs/scripts,Pass,Pre-existing failures,N/A,Pending,Not deployed,Pending,Required,"GA4/GSC/PageSpeed evidence pending","Fill first weekly dashboard row",Implemented,"npm run audit:reporting-qa"
