Route_URL,Page_Role,Primary_Keyword,Secondary_Keywords,Search_Intent,Funnel_Stage,SEO_Title,Meta_Description,H1,Canonical_URL,Region_Focus,Keyword_Volume,Keyword_Difficulty
/,Homepage,project management certification pathways,"PM Structure; PMP 2026 readiness; project management exam prep; certification roadmap",Brand + commercial investigation,Conversion,PM Structure | PMP 2026 Readiness & Project Certification Pathways,"Prepare for the PMP 2026 exam change with structured roadmap support, eligibility guidance, study planning, mock tracking, and independent certification pathway guidance.","Prepare for the PMP exam change with a clear route, not random study noise.",https://pmstructure.com/,Global,Needs keyword research,Needs keyword research
/certifications,Certification hub,project management certifications,"PMP certification; PRINCE2 certification; PMI-RMP; Lean Six Sigma; certification pathways",Commercial investigation,Consideration,Project Management Certification Pathways | PM Structure,"Compare PMP, PRINCE2, PMI-RMP, Lean Six Sigma, and other project management certification pathways with structured guidance from PM Structure.",Choose the project management certification pathway that fits your role.,https://pmstructure.com/certifications,Global,Needs keyword research,Needs keyword research
/certifications/pmp,Main PMP commercial page,PMP 2026 readiness pathway,"PMP exam 2026; updated PMP exam; PMP study plan; PMP eligibility; PMP roadmap",Commercial,Conversion,PMP 2026 Readiness Pathway | PM Structure,"Decide whether to prepare for the current or updated PMP exam. Build a structured PMP 2026 roadmap with eligibility guidance, study planning, mock tracking, and readiness support.",PMP 2026 Readiness Pathway,https://pmstructure.com/certifications/pmp,"GCC; South Asia",Needs keyword research,Needs keyword research
/answers/is-the-pmp-exam-changing-in-2026,Direct answer,is the PMP exam changing in 2026,"PMP exam change 2026; PMP new exam date; PMP exam July 2026",Informational,Awareness,Is the PMP Exam Changing in 2026? | PM Structure,"Yes. The PMP exam changes in July 2026. Learn what the change means, whether to prepare for the current or updated exam, and how to plan your PMP route.",Is the PMP exam changing in 2026?,https://pmstructure.com/answers/is-the-pmp-exam-changing-in-2026,Global,Needs keyword research,Needs keyword research
/topics/pmp-exam-2026,Topic hub,PMP exam 2026,"PMP 2026 changes; updated PMP domains; PMP 2026 preparation",Informational / hub,Awareness + consideration,PMP Exam 2026 Guide | Changes Timeline & Preparation,"Understand the PMP exam 2026 change, updated exam route, domain weighting, timeline decisions, and preparation structure with PM Structure.",PMP Exam 2026 Guide,https://pmstructure.com/topics/pmp-exam-2026,Global,Needs keyword research,Needs keyword research
/faq,FAQ / trust page,PM Structure FAQ,"PMP training hours; PM Structure PMI affiliation; PMP pass guarantee; exam fee included",Trust,Trust,PM Structure FAQ | PMP Certification Prep & Readiness Support,"Find answers about PM Structure, PMP 2026 readiness, certification-body ownership, training-hour guidance, exam fees, membership, and independent preparation support.",PM Structure FAQ,https://pmstructure.com/faq,Global,Needs keyword research,Needs keyword research
/certifications/compare,Comparison page,compare project management certifications,"PMP vs PRINCE2; PMP vs PMI-RMP; PMP vs Six Sigma; which certification should I choose",Commercial investigation,Consideration,"Compare Project Management Certifications | PMP, PRINCE2, PMI-RMP & Six Sigma","Compare PMP, PRINCE2, PMI-RMP, Lean Six Sigma, and other project management certification pathways by role fit, intent, difficulty, and next step.",Compare project management certifications,https://pmstructure.com/certifications/compare,Global,Needs keyword research,Needs keyword research
/certifications/pmi-rmp,Secondary certification page,PMI-RMP exam preparation,"PMI risk management certification; PMI-RMP pathway; risk management certification",Commercial investigation,Waitlist / secondary,PMI-RMP Exam Preparation Pathway | PM Structure,"Explore the PMI-RMP risk management pathway with independent study support, readiness guidance, and comparison support from PM Structure.",PMI-RMP Risk Management Pathway,https://pmstructure.com/certifications/pmi-rmp,Global,Needs keyword research,Needs keyword research
/certifications/prince2-practitioner,Secondary certification page,PRINCE2 Practitioner preparation,"PRINCE2 Foundation vs Practitioner; PRINCE2 certification pathway",Commercial investigation,Waitlist / secondary,PRINCE2 Practitioner Preparation Pathway | PM Structure,"Explore PRINCE2 Practitioner preparation with independent pathway guidance, study support, and certification comparison from PM Structure.",PRINCE2 Practitioner Pathway,https://pmstructure.com/certifications/prince2-practitioner,Global,Needs keyword research,Needs keyword research
/certifications/lss-yellow,Secondary certification page,Lean Six Sigma Yellow Belt preparation,"LSS Yellow Belt; process improvement certification; Six Sigma basics",Commercial investigation,Waitlist / secondary,Lean Six Sigma Yellow Belt Preparation | PM Structure,"Explore Lean Six Sigma Yellow Belt preparation with process-improvement learning, independent study support, and pathway guidance.",Lean Six Sigma Yellow Belt Pathway,https://pmstructure.com/certifications/lss-yellow,Global,Needs keyword research,Needs keyword research
/certifications/lss-black,Secondary certification page,Lean Six Sigma Black Belt preparation,"LSS Black Belt; Six Sigma project leadership; process improvement leadership",Commercial investigation,Waitlist / secondary,Lean Six Sigma Black Belt Preparation | PM Structure,"Explore Lean Six Sigma Black Belt preparation with process-improvement structure, independent study support, and pathway guidance.",Lean Six Sigma Black Belt Pathway,https://pmstructure.com/certifications/lss-black,Global,Needs keyword research,Needs keyword research
/membership,Membership page,project management learning membership,"PMP resources; certification community; study support membership",Commercial investigation,Support / retention,Project Management Learning Membership | PM Structure,"Use PM Structure membership as a support layer for preparation resources, community access where available, and structured learning support.",Project Management Learning Membership,https://pmstructure.com/membership,Global,Needs keyword research,Needs keyword research
/community,Community page,project management learning community,"PMP study community; certification support community; project management community",Commercial investigation,Support / retention,Project Management Learning Community | PM Structure,"Join a structured project management learning community for preparation support, accountability, and certification pathway discussion where available.",Project Management Learning Community,https://pmstructure.com/community,Global,Needs keyword research,Needs keyword research
/newsletter,Newsletter page,project management newsletter,"PMP updates; project management certification updates; PMP 2026 newsletter",Informational / retention,Awareness + retention,Project Management Certification Newsletter | PM Structure,"Get project management certification updates, PMP 2026 readiness insights, and structured preparation guidance from PM Structure.",Project Management Newsletter,https://pmstructure.com/newsletter,Global,Needs keyword research,Needs keyword research
/pm-service,Services page,project management advisory services,"PMO governance; corporate PMP training; project delivery support",B2B commercial,B2B,Project Management Advisory Services | PM Structure,"Explore PM Structure advisory services for PMO governance, project delivery support, corporate PMP readiness, and project management capability building.",Project Management Advisory Services,https://pmstructure.com/pm-service,"GCC; South Asia",Needs keyword research,Needs keyword research
/legal/terms,Legal / trust,PM Structure terms and conditions,,Trust,Trust,Terms & Conditions | PM Structure,"Read PM Structure terms and conditions for certification preparation services, platform use, and learner responsibilities.",,https://pmstructure.com/legal/terms,Global,Needs keyword research,Needs keyword research
/legal/privacy,Legal / trust,PM Structure privacy policy,,Trust,Trust,Privacy Policy | PM Structure,"Read how PM Structure collects, uses, and protects personal data for certification preparation and platform services.",,https://pmstructure.com/legal/privacy,Global,Needs keyword research,Needs keyword research
