URL,Route,Page_Type,Exists,Current_Status,Indexation_Decision,Should_Index,Should_Follow,Should_Be_In_XML_Sitemap,Should_Be_In_HTML_Sitemap,Canonical_URL,Robots_Rule,Data_Source,Owner_Approval,Implementation_Status,Notes
"https://pmstructure.com/","/","Marketing hub","Yes","Unknown","index","Yes","Yes","Yes","Yes","https://pmstructure.com/","index-follow","Route inventory","Not required","Implemented",""
"https://pmstructure.com/about","/about","Marketing hub","Yes","Unknown","index","Yes","Yes","Yes","Yes","https://pmstructure.com/about","index-follow","Route inventory","Not required","Implemented",""
"https://pmstructure.com/account","/account","Spec example — not in repo","No","Unknown","needs_review","No","No","No","No","https://pmstructure.com/account","noindex-nofollow","T-038 spec example","Required","Not in repo","Do not publish or index until route exists and is approved"
"https://pmstructure.com/admin","/admin","Checkout/utility","Yes","Unknown","noindex","No","No","No","No","https://pmstructure.com/admin","protected","Route inventory + indexing-metadata.ts","Not required","Implemented",""
"https://pmstructure.com/answers","/answers","Marketing hub","Yes","Unknown","index","Yes","Yes","Yes","Yes","https://pmstructure.com/answers","index-follow","Route inventory","Not required","Implemented",""
"https://pmstructure.com/answers/can-i-prepare-for-pmp-in-30-days","/answers/can-i-prepare-for-pmp-in-30-days","Answer page","Yes","Unknown","index","Yes","Yes","Yes","No","https://pmstructure.com/answers/can-i-prepare-for-pmp-in-30-days","index-follow","Route inventory","Not required","Implemented",""
"https://pmstructure.com/answers/current-pmp-exam-vs-new-pmp-exam","/answers/current-pmp-exam-vs-new-pmp-exam","Answer page","Yes","Unknown","index","Yes","Yes","Yes","No","https://pmstructure.com/answers/current-pmp-exam-vs-new-pmp-exam","index-follow","Route inventory","Not required","Implemented",""
"https://pmstructure.com/answers/does-pm-structure-guarantee-pmp-success","/answers/does-pm-structure-guarantee-pmp-success","Answer page","Yes","Unknown","index","Yes","Yes","Yes","No","https://pmstructure.com/answers/does-pm-structure-guarantee-pmp-success","index-follow","Route inventory","Not required","Implemented",""
"https://pmstructure.com/answers/how-do-i-enroll-in-pmp-on-pm-structure","/answers/how-do-i-enroll-in-pmp-on-pm-structure","Answer page","Yes","Unknown","index","Yes","Yes","Yes","No","https://pmstructure.com/answers/how-do-i-enroll-in-pmp-on-pm-structure","index-follow","Route inventory","Not required","Implemented",""
"https://pmstructure.com/answers/how-does-regional-pricing-work-for-pmp","/answers/how-does-regional-pricing-work-for-pmp","Answer page","Yes","Unknown","index","Yes","Yes","Yes","No","https://pmstructure.com/answers/how-does-regional-pricing-work-for-pmp","index-follow","Route inventory","Not required","Implemented",""
"https://pmstructure.com/answers/how-long-does-pmp-preparation-take","/answers/how-long-does-pmp-preparation-take","Answer page","Yes","Unknown","index","Yes","Yes","Yes","No","https://pmstructure.com/answers/how-long-does-pmp-preparation-take","index-follow","Route inventory","Not required","Implemented",""
"https://pmstructure.com/answers/how-many-pmp-mock-exams-should-i-take","/answers/how-many-pmp-mock-exams-should-i-take","Answer page","Yes","Unknown","index","Yes","Yes","Yes","No","https://pmstructure.com/answers/how-many-pmp-mock-exams-should-i-take","index-follow","Route inventory","Not required","Implemented",""
"https://pmstructure.com/answers/how-to-prepare-for-pmp-in-2026","/answers/how-to-prepare-for-pmp-in-2026","Answer page","Yes","Unknown","index","Yes","Yes","Yes","No","https://pmstructure.com/answers/how-to-prepare-for-pmp-in-2026","index-follow","Route inventory","Not required","Implemented",""
"https://pmstructure.com/answers/is-pm-structure-an-official-pmi-atp","/answers/is-pm-structure-an-official-pmi-atp","Answer page","Yes","Unknown","index","Yes","Yes","Yes","No","https://pmstructure.com/answers/is-pm-structure-an-official-pmi-atp","index-follow","Route inventory","Not required","Implemented",""
"https://pmstructure.com/answers/is-the-new-pmp-exam-harder","/answers/is-the-new-pmp-exam-harder","Answer page","Yes","Unknown","index","Yes","Yes","Yes","No","https://pmstructure.com/answers/is-the-new-pmp-exam-harder","index-follow","Route inventory","Not required","Implemented",""
"https://pmstructure.com/answers/is-the-pmp-exam-changing-in-2026","/answers/is-the-pmp-exam-changing-in-2026","Answer page","Yes","Unknown","index","Yes","Yes","Yes","Yes","https://pmstructure.com/answers/is-the-pmp-exam-changing-in-2026","index-follow","Route inventory","Not required","Implemented",""
"https://pmstructure.com/answers/pmp-training-hours-vs-pdus","/answers/pmp-training-hours-vs-pdus","Spec example — not in repo","No","Unknown","needs_review","No","No","No","No","https://pmstructure.com/answers/pmp-training-hours-vs-pdus","noindex-nofollow","T-038 spec example","Required","Not in repo","Do not publish or index until route exists and is approved"
"https://pmstructure.com/answers/should-i-prepare-for-new-pmp-after-9-july-2026","/answers/should-i-prepare-for-new-pmp-after-9-july-2026","Answer page","Yes","Unknown","index","Yes","Yes","Yes","No","https://pmstructure.com/answers/should-i-prepare-for-new-pmp-after-9-july-2026","index-follow","Route inventory","Not required","Implemented",""
"https://pmstructure.com/answers/should-i-rush-pmp-before-july-2026","/answers/should-i-rush-pmp-before-july-2026","Answer page","Yes","Unknown","index","Yes","Yes","Yes","No","https://pmstructure.com/answers/should-i-rush-pmp-before-july-2026","index-follow","Route inventory","Not required","Implemented",""
"https://pmstructure.com/answers/should-i-take-pmp-before-8-july-2026","/answers/should-i-take-pmp-before-8-july-2026","Answer page","Yes","Unknown","index","Yes","Yes","Yes","No","https://pmstructure.com/answers/should-i-take-pmp-before-8-july-2026","index-follow","Route inventory","Not required","Implemented",""
"https://pmstructure.com/answers/should-i-take-pmp-before-july-2026","/answers/should-i-take-pmp-before-july-2026","Spec example — not in repo","No","Unknown","needs_review","No","No","No","No","https://pmstructure.com/answers/should-i-take-pmp-before-july-2026","noindex-nofollow","T-038 spec example","Required","Not in repo","Do not publish or index until route exists and is approved"
"https://pmstructure.com/answers/what-are-the-pmp-2026-domain-weights","/answers/what-are-the-pmp-2026-domain-weights","Answer page","Yes","Unknown","index","Yes","Yes","Yes","No","https://pmstructure.com/answers/what-are-the-pmp-2026-domain-weights","index-follow","Route inventory","Not required","Implemented",""
"https://pmstructure.com/answers/what-are-the-pmp-eligibility-requirements","/answers/what-are-the-pmp-eligibility-requirements","Answer page","Yes","Unknown","index","Yes","Yes","Yes","No","https://pmstructure.com/answers/what-are-the-pmp-eligibility-requirements","index-follow","Route inventory","Not required","Implemented",""
"https://pmstructure.com/answers/what-is-lean-six-sigma-green-belt","/answers/what-is-lean-six-sigma-green-belt","Answer page","Yes","Unknown","index","Yes","Yes","Yes","No","https://pmstructure.com/answers/what-is-lean-six-sigma-green-belt","index-follow","Route inventory","Not required","Implemented",""
"https://pmstructure.com/answers/what-is-pmp-foundation","/answers/what-is-pmp-foundation","Answer page","Yes","Unknown","index","Yes","Yes","Yes","No","https://pmstructure.com/answers/what-is-pmp-foundation","index-follow","Route inventory","Not required","Implemented",""
"https://pmstructure.com/answers/what-is-pmp-mastery","/answers/what-is-pmp-mastery","Answer page","Yes","Unknown","index","Yes","Yes","Yes","No","https://pmstructure.com/answers/what-is-pmp-mastery","index-follow","Route inventory","Not required","Implemented",""
"https://pmstructure.com/answers/what-is-pmp-mock-exam-practice","/answers/what-is-pmp-mock-exam-practice","Answer page","Yes","Unknown","index","Yes","Yes","Yes","No","https://pmstructure.com/answers/what-is-pmp-mock-exam-practice","index-follow","Route inventory","Not required","Implemented",""
"https://pmstructure.com/answers/what-is-pmp-professional","/answers/what-is-pmp-professional","Answer page","Yes","Unknown","index","Yes","Yes","Yes","No","https://pmstructure.com/answers/what-is-pmp-professional","index-follow","Route inventory","Not required","Implemented",""
"https://pmstructure.com/answers/what-is-pmp-readiness","/answers/what-is-pmp-readiness","Answer page","Yes","Unknown","index","Yes","Yes","Yes","No","https://pmstructure.com/answers/what-is-pmp-readiness","index-follow","Route inventory","Not required","Implemented",""
"https://pmstructure.com/answers/what-is-pmp-scenario-practice","/answers/what-is-pmp-scenario-practice","Answer page","Yes","Unknown","index","Yes","Yes","Yes","No","https://pmstructure.com/answers/what-is-pmp-scenario-practice","index-follow","Route inventory","Not required","Implemented",""
"https://pmstructure.com/answers/what-is-prince2-certification","/answers/what-is-prince2-certification","Answer page","Yes","Unknown","index","Yes","Yes","Yes","No","https://pmstructure.com/answers/what-is-prince2-certification","index-follow","Route inventory","Not required","Implemented",""
"https://pmstructure.com/answers/what-is-project-management-certification","/answers/what-is-project-management-certification","Answer page","Yes","Unknown","index","Yes","Yes","Yes","No","https://pmstructure.com/answers/what-is-project-management-certification","index-follow","Route inventory","Not required","Implemented",""
"https://pmstructure.com/answers/what-is-the-best-pmp-study-plan","/answers/what-is-the-best-pmp-study-plan","Answer page","Yes","Unknown","index","Yes","Yes","Yes","No","https://pmstructure.com/answers/what-is-the-best-pmp-study-plan","index-follow","Route inventory","Not required","Implemented",""
"https://pmstructure.com/answers/what-is-the-difference-between-pmp-foundation-professional-and-mastery","/answers/what-is-the-difference-between-pmp-foundation-professional-and-mastery","Answer page","Yes","Unknown","index","Yes","Yes","Yes","No","https://pmstructure.com/answers/what-is-the-difference-between-pmp-foundation-professional-and-mastery","index-follow","Route inventory","Not required","Implemented",""
"https://pmstructure.com/answers/what-is-the-pmp-business-environment-domain","/answers/what-is-the-pmp-business-environment-domain","Answer page","Yes","Unknown","index","Yes","Yes","Yes","No","https://pmstructure.com/answers/what-is-the-pmp-business-environment-domain","index-follow","Route inventory","Not required","Implemented",""
"https://pmstructure.com/answers/what-is-the-pmp-exam-content-outline","/answers/what-is-the-pmp-exam-content-outline","Answer page","Yes","Unknown","index","Yes","Yes","Yes","No","https://pmstructure.com/answers/what-is-the-pmp-exam-content-outline","index-follow","Route inventory","Not required","Implemented",""
"https://pmstructure.com/answers/what-is-the-pmp-people-domain","/answers/what-is-the-pmp-people-domain","Answer page","Yes","Unknown","index","Yes","Yes","Yes","No","https://pmstructure.com/answers/what-is-the-pmp-people-domain","index-follow","Route inventory","Not required","Implemented",""
"https://pmstructure.com/answers/what-is-the-pmp-process-domain","/answers/what-is-the-pmp-process-domain","Answer page","Yes","Unknown","index","Yes","Yes","Yes","No","https://pmstructure.com/answers/what-is-the-pmp-process-domain","index-follow","Route inventory","Not required","Implemented",""
"https://pmstructure.com/answers/what-should-i-do-after-a-low-pmp-mock-score","/answers/what-should-i-do-after-a-low-pmp-mock-score","Answer page","Yes","Unknown","index","Yes","Yes","Yes","No","https://pmstructure.com/answers/what-should-i-do-after-a-low-pmp-mock-score","index-follow","Route inventory","Not required","Implemented",""
"https://pmstructure.com/answers/when-do-i-get-lms-access-after-pmp-enrollment","/answers/when-do-i-get-lms-access-after-pmp-enrollment","Answer page","Yes","Unknown","index","Yes","Yes","Yes","No","https://pmstructure.com/answers/when-do-i-get-lms-access-after-pmp-enrollment","index-follow","Route inventory","Not required","Implemented",""
"https://pmstructure.com/answers/when-does-the-new-pmp-exam-start","/answers/when-does-the-new-pmp-exam-start","Answer page","Yes","Unknown","index","Yes","Yes","Yes","No","https://pmstructure.com/answers/when-does-the-new-pmp-exam-start","index-follow","Route inventory","Not required","Implemented",""
"https://pmstructure.com/answers/which-pm-structure-pmp-pathway-should-i-choose","/answers/which-pm-structure-pmp-pathway-should-i-choose","Answer page","Yes","Unknown","index","Yes","Yes","Yes","No","https://pmstructure.com/answers/which-pm-structure-pmp-pathway-should-i-choose","index-follow","Route inventory","Not required","Implemented",""
"https://pmstructure.com/api","/api","Checkout/utility","Yes","Unknown","noindex","No","No","No","No","https://pmstructure.com/api","noindex-nofollow","Route inventory + indexing-metadata.ts","Not required","Implemented",""
"https://pmstructure.com/blog","/blog","Marketing hub","Yes","Unknown","noindex until content (G4 2026-06-19)","Yes","No","Yes","Yes","https://pmstructure.com/blog","noindex-follow","G4 default; blog/page.tsx robots","Not required","Implemented","Excluded from sitemap.ts"
"https://pmstructure.com/cancel","/cancel","Spec example — not in repo","No","Unknown","needs_review","No","No","No","No","https://pmstructure.com/cancel","noindex-nofollow","T-038 spec example","Required","Not in repo","Do not publish or index until route exists and is approved"
"https://pmstructure.com/certifications","/certifications","Marketing hub","Yes","Unknown","index","Yes","Yes","Yes","Yes","https://pmstructure.com/certifications","index-follow","Route inventory","Not required","Implemented",""
"https://pmstructure.com/certifications/capm","/certifications/capm","Certification page","Yes","Unknown","index","Yes","Yes","Yes","No","https://pmstructure.com/certifications/capm","index-follow","Route inventory","Not required","Implemented",""
"https://pmstructure.com/certifications/compare","/certifications/compare","Marketing hub","Yes","Unknown","index","Yes","Yes","Yes","Yes","https://pmstructure.com/certifications/compare","index-follow","Route inventory","Not required","Implemented",""
"https://pmstructure.com/certifications/foundation-direct","/certifications/foundation-direct","Certification page","Yes","Unknown","index","Yes","Yes","Yes","No","https://pmstructure.com/certifications/foundation-direct","index-follow","Route inventory","Not required","Implemented",""
"https://pmstructure.com/certifications/gpm-b","/certifications/gpm-b","Certification page","Yes","Unknown","index","Yes","Yes","Yes","No","https://pmstructure.com/certifications/gpm-b","index-follow","Route inventory","Not required","Implemented",""
"https://pmstructure.com/certifications/lss-black","/certifications/lss-black","Certification page","Yes","Unknown","index","Yes","Yes","Yes","Yes","https://pmstructure.com/certifications/lss-black","index-follow","Route inventory","Not required","Implemented",""
"https://pmstructure.com/certifications/lss-champion","/certifications/lss-champion","Certification page","Yes","Unknown","index","Yes","Yes","Yes","No","https://pmstructure.com/certifications/lss-champion","index-follow","Route inventory","Not required","Implemented",""
"https://pmstructure.com/certifications/lss-green","/certifications/lss-green","Certification page","Yes","Unknown","index","Yes","Yes","Yes","No","https://pmstructure.com/certifications/lss-green","index-follow","Route inventory","Not required","Implemented",""
"https://pmstructure.com/certifications/lss-master","/certifications/lss-master","Certification page","Yes","Unknown","index","Yes","Yes","Yes","No","https://pmstructure.com/certifications/lss-master","index-follow","Route inventory","Not required","Implemented",""
"https://pmstructure.com/certifications/lss-white","/certifications/lss-white","Certification page","Yes","Unknown","index","Yes","Yes","Yes","No","https://pmstructure.com/certifications/lss-white","index-follow","Route inventory","Not required","Implemented",""
"https://pmstructure.com/certifications/lss-yellow","/certifications/lss-yellow","Certification page","Yes","Unknown","index","Yes","Yes","Yes","Yes","https://pmstructure.com/certifications/lss-yellow","index-follow","Route inventory","Not required","Implemented",""
"https://pmstructure.com/certifications/mop","/certifications/mop","Certification page","Yes","Unknown","index","Yes","Yes","Yes","No","https://pmstructure.com/certifications/mop","index-follow","Route inventory","Not required","Implemented",""
"https://pmstructure.com/certifications/mor","/certifications/mor","Certification page","Yes","Unknown","index","Yes","Yes","Yes","No","https://pmstructure.com/certifications/mor","index-follow","Route inventory","Not required","Implemented",""
"https://pmstructure.com/certifications/msp","/certifications/msp","Certification page","Yes","Unknown","index","Yes","Yes","Yes","No","https://pmstructure.com/certifications/msp","index-follow","Route inventory","Not required","Implemented",""
"https://pmstructure.com/certifications/p3o","/certifications/p3o","Certification page","Yes","Unknown","index","Yes","Yes","Yes","No","https://pmstructure.com/certifications/p3o","index-follow","Route inventory","Not required","Implemented",""
"https://pmstructure.com/certifications/pfmp","/certifications/pfmp","Certification page","Yes","Unknown","index","Yes","Yes","Yes","No","https://pmstructure.com/certifications/pfmp","index-follow","Route inventory","Not required","Implemented",""
"https://pmstructure.com/certifications/pgmp","/certifications/pgmp","Certification page","Yes","Unknown","index","Yes","Yes","Yes","Yes","https://pmstructure.com/certifications/pgmp","index-follow","Route inventory","Not required","Implemented",""
"https://pmstructure.com/certifications/pmi-acp","/certifications/pmi-acp","Certification page","Yes","Unknown","index","Yes","Yes","Yes","No","https://pmstructure.com/certifications/pmi-acp","index-follow","Route inventory","Not required","Implemented",""
"https://pmstructure.com/certifications/pmi-cp","/certifications/pmi-cp","Certification page","Yes","Unknown","index","Yes","Yes","Yes","No","https://pmstructure.com/certifications/pmi-cp","index-follow","Route inventory","Not required","Implemented",""
"https://pmstructure.com/certifications/pmi-cpmai","/certifications/pmi-cpmai","Certification page","Yes","Unknown","index","Yes","Yes","Yes","No","https://pmstructure.com/certifications/pmi-cpmai","index-follow","Route inventory","Not required","Implemented",""
"https://pmstructure.com/certifications/pmi-pba","/certifications/pmi-pba","Certification page","Yes","Unknown","index","Yes","Yes","Yes","No","https://pmstructure.com/certifications/pmi-pba","index-follow","Route inventory","Not required","Implemented",""
"https://pmstructure.com/certifications/pmi-pmocp","/certifications/pmi-pmocp","Certification page","Yes","Unknown","index","Yes","Yes","Yes","No","https://pmstructure.com/certifications/pmi-pmocp","index-follow","Route inventory","Not required","Implemented",""
"https://pmstructure.com/certifications/pmi-rmp","/certifications/pmi-rmp","Certification page","Yes","Unknown","index","Yes","Yes","Yes","Yes","https://pmstructure.com/certifications/pmi-rmp","index-follow","Route inventory","Not required","Implemented",""
"https://pmstructure.com/certifications/pmi-sp","/certifications/pmi-sp","Certification page","Yes","Unknown","index","Yes","Yes","Yes","No","https://pmstructure.com/certifications/pmi-sp","index-follow","Route inventory","Not required","Implemented",""
"https://pmstructure.com/certifications/pmp","/certifications/pmp","Certification page","Yes","Unknown","index","Yes","Yes","Yes","Yes","https://pmstructure.com/certifications/pmp","index-follow","Route inventory","Not required","Implemented",""
"https://pmstructure.com/certifications/prince2","/certifications/prince2","Certification page","Yes","Unknown","index","Yes","Yes","Yes","No","https://pmstructure.com/certifications/prince2","index-follow","Route inventory","Not required","Implemented",""
"https://pmstructure.com/certifications/prince2-agile","/certifications/prince2-agile","Certification page","Yes","Unknown","index","Yes","Yes","Yes","No","https://pmstructure.com/certifications/prince2-agile","index-follow","Route inventory","Not required","Implemented",""
"https://pmstructure.com/certifications/prince2-agile-practitioner","/certifications/prince2-agile-practitioner","Certification page","Yes","Unknown","index","Yes","Yes","Yes","No","https://pmstructure.com/certifications/prince2-agile-practitioner","index-follow","Route inventory","Not required","Implemented",""
"https://pmstructure.com/certifications/prince2-practitioner","/certifications/prince2-practitioner","Certification page","Yes","Unknown","index","Yes","Yes","Yes","Yes","https://pmstructure.com/certifications/prince2-practitioner","index-follow","Route inventory","Not required","Implemented",""
"https://pmstructure.com/checkout","/checkout","Checkout/utility","Yes","Unknown","noindex","No","No","No","No","https://pmstructure.com/checkout","noindex-nofollow","Route inventory + indexing-metadata.ts","Not required","Implemented",""
"https://pmstructure.com/checkout/cancel","/checkout/cancel","Checkout/utility","Yes","Unknown","noindex","No","No","No","No","https://pmstructure.com/checkout/cancel","noindex-nofollow","Route inventory + indexing-metadata.ts","Not required","Implemented",""
"https://pmstructure.com/checkout/store","/checkout/store","Checkout/utility","Yes","Unknown","noindex","No","No","No","No","https://pmstructure.com/checkout/store","noindex-nofollow","Route inventory + indexing-metadata.ts","Not required","Implemented",""
"https://pmstructure.com/checkout/store/success","/checkout/store/success","Checkout/utility","Yes","Unknown","noindex","No","No","No","No","https://pmstructure.com/checkout/store/success","noindex-nofollow","Route inventory + indexing-metadata.ts","Not required","Implemented",""
"https://pmstructure.com/checkout/success","/checkout/success","Checkout/utility","Yes","Unknown","noindex","No","No","No","No","https://pmstructure.com/checkout/success","noindex-nofollow","Route inventory + indexing-metadata.ts","Not required","Implemented",""
"https://pmstructure.com/community","/community","Marketing hub","Yes","Unknown","canonicalize","Yes","Yes","Yes","Yes","https://pmstructure.com/community","index-follow","frontend/lib/canonical.ts STRIPPED_QUERY_PARAM_KEYS","Owner review for content quality","Implemented","Parameter URLs should not be indexed separately"
"https://pmstructure.com/compare","/compare","Legacy redirect","Yes","Unknown","redirect","No","No","No","No","https://pmstructure.com/compare","redirect","Route inventory + T-037","Not required","Implemented",""
"https://pmstructure.com/contact","/contact","Marketing hub","Yes","Unknown","index","Yes","Yes","Yes","Yes","https://pmstructure.com/contact","index-follow","Route inventory","Not required","Implemented",""
"https://pmstructure.com/corporate/pmp-2026-readiness","/corporate/pmp-2026-readiness","Spec example — not in repo","No","Unknown","needs_review","No","No","No","No","https://pmstructure.com/corporate/pmp-2026-readiness","noindex-nofollow","T-038 spec example","Required","Not in repo","Do not publish or index until route exists and is approved"
"https://pmstructure.com/dashboard","/dashboard","Admin redirect","Yes","Unknown","redirect","No","No","No","No","https://pmstructure.com/dashboard","redirect","next.config.ts","Not required","Implemented",""
"https://pmstructure.com/faq","/faq","Marketing hub","Yes","Unknown","index","Yes","Yes","Yes","Yes","https://pmstructure.com/faq","index-follow","Route inventory","Not required","Implemented",""
"https://pmstructure.com/go","/go","Portal index","Yes","Unknown","redirect","No","No","No","No","https://pmstructure.com/go","redirect","Route inventory","Not required","Implemented",""
"https://pmstructure.com/go/ai-visibility","/go/ai-visibility","Portal page","Yes","Unknown","needs_review","No","No","No","No","https://pmstructure.com/go/ai-visibility","noindex-nofollow","Route inventory","Owner review","Implemented","41+ portal routes; see PMSTRUCTURE_IMPLEMENTATION_RISK_REGISTER R05"
"https://pmstructure.com/go/amazon-audible","/go/amazon-audible","Portal page","Yes","Unknown","needs_review","No","No","No","No","https://pmstructure.com/go/amazon-audible","noindex-nofollow","Route inventory","Owner review","Implemented","41+ portal routes; see PMSTRUCTURE_IMPLEMENTATION_RISK_REGISTER R05"
"https://pmstructure.com/go/api-ai-fed","/go/api-ai-fed","Portal page","Yes","Unknown","needs_review","No","No","No","No","https://pmstructure.com/go/api-ai-fed","noindex-nofollow","Route inventory","Owner review","Implemented","41+ portal routes; see PMSTRUCTURE_IMPLEMENTATION_RISK_REGISTER R05"
"https://pmstructure.com/go/apple-podcasts","/go/apple-podcasts","Portal page","Yes","Unknown","needs_review","No","No","No","No","https://pmstructure.com/go/apple-podcasts","noindex-nofollow","Route inventory","Owner review","Implemented","41+ portal routes; see PMSTRUCTURE_IMPLEMENTATION_RISK_REGISTER R05"
"https://pmstructure.com/go/beehiiv","/go/beehiiv","Portal page","Yes","Unknown","needs_review","No","No","No","No","https://pmstructure.com/go/beehiiv","noindex-nofollow","Route inventory","Owner review","Implemented","41+ portal routes; see PMSTRUCTURE_IMPLEMENTATION_RISK_REGISTER R05"
"https://pmstructure.com/go/bing-search","/go/bing-search","Portal page","Yes","Unknown","needs_review","No","No","No","No","https://pmstructure.com/go/bing-search","noindex-nofollow","Route inventory","Owner review","Implemented","41+ portal routes; see PMSTRUCTURE_IMPLEMENTATION_RISK_REGISTER R05"
"https://pmstructure.com/go/bluesky","/go/bluesky","Portal page","Yes","Unknown","needs_review","No","No","No","No","https://pmstructure.com/go/bluesky","noindex-nofollow","Route inventory","Owner review","Implemented","41+ portal routes; see PMSTRUCTURE_IMPLEMENTATION_RISK_REGISTER R05"
"https://pmstructure.com/go/content-aggregators","/go/content-aggregators","Portal page","Yes","Unknown","needs_review","No","No","No","No","https://pmstructure.com/go/content-aggregators","noindex-nofollow","Route inventory","Owner review","Implemented","41+ portal routes; see PMSTRUCTURE_IMPLEMENTATION_RISK_REGISTER R05"
"https://pmstructure.com/go/discord","/go/discord","Portal page","Yes","Unknown","needs_review","No","No","No","No","https://pmstructure.com/go/discord","noindex-nofollow","Route inventory","Owner review","Implemented","41+ portal routes; see PMSTRUCTURE_IMPLEMENTATION_RISK_REGISTER R05"
"https://pmstructure.com/go/email","/go/email","Portal page","Yes","Unknown","needs_review","No","No","No","No","https://pmstructure.com/go/email","noindex-nofollow","Route inventory","Owner review","Implemented","41+ portal routes; see PMSTRUCTURE_IMPLEMENTATION_RISK_REGISTER R05"
"https://pmstructure.com/go/facebook","/go/facebook","Portal page","Yes","Unknown","needs_review","No","No","No","No","https://pmstructure.com/go/facebook","noindex-nofollow","Route inventory","Owner review","Implemented","41+ portal routes; see PMSTRUCTURE_IMPLEMENTATION_RISK_REGISTER R05"
"https://pmstructure.com/go/ghost","/go/ghost","Portal page","Yes","Unknown","needs_review","No","No","No","No","https://pmstructure.com/go/ghost","noindex-nofollow","Route inventory","Owner review","Implemented","41+ portal routes; see PMSTRUCTURE_IMPLEMENTATION_RISK_REGISTER R05"
"https://pmstructure.com/go/google-podcasts","/go/google-podcasts","Portal page","Yes","Unknown","needs_review","No","No","No","No","https://pmstructure.com/go/google-podcasts","noindex-nofollow","Route inventory","Owner review","Implemented","41+ portal routes; see PMSTRUCTURE_IMPLEMENTATION_RISK_REGISTER R05"
"https://pmstructure.com/go/google-search","/go/google-search","Portal page","Yes","Unknown","needs_review","No","No","No","No","https://pmstructure.com/go/google-search","noindex-nofollow","Route inventory","Owner review","Implemented","41+ portal routes; see PMSTRUCTURE_IMPLEMENTATION_RISK_REGISTER R05"
"https://pmstructure.com/go/hashnode","/go/hashnode","Portal page","Yes","Unknown","needs_review","No","No","No","No","https://pmstructure.com/go/hashnode","noindex-nofollow","Route inventory","Owner review","Implemented","41+ portal routes; see PMSTRUCTURE_IMPLEMENTATION_RISK_REGISTER R05"
"https://pmstructure.com/go/instagram","/go/instagram","Portal page","Yes","Unknown","needs_review","No","No","No","No","https://pmstructure.com/go/instagram","noindex-nofollow","Route inventory","Owner review","Implemented","41+ portal routes; see PMSTRUCTURE_IMPLEMENTATION_RISK_REGISTER R05"
"https://pmstructure.com/go/linkedin","/go/linkedin","Portal page","Yes","Unknown","needs_review","No","No","No","No","https://pmstructure.com/go/linkedin","noindex-nofollow","Route inventory","Owner review","Implemented","41+ portal routes; see PMSTRUCTURE_IMPLEMENTATION_RISK_REGISTER R05"
"https://pmstructure.com/go/mastodon","/go/mastodon","Portal page","Yes","Unknown","needs_review","No","No","No","No","https://pmstructure.com/go/mastodon","noindex-nofollow","Route inventory","Owner review","Implemented","41+ portal routes; see PMSTRUCTURE_IMPLEMENTATION_RISK_REGISTER R05"
"https://pmstructure.com/go/medium","/go/medium","Portal page","Yes","Unknown","needs_review","No","No","No","No","https://pmstructure.com/go/medium","noindex-nofollow","Route inventory","Owner review","Implemented","41+ portal routes; see PMSTRUCTURE_IMPLEMENTATION_RISK_REGISTER R05"
"https://pmstructure.com/go/notion","/go/notion","Portal page","Yes","Unknown","needs_review","No","No","No","No","https://pmstructure.com/go/notion","noindex-nofollow","Route inventory","Owner review","Implemented","41+ portal routes; see PMSTRUCTURE_IMPLEMENTATION_RISK_REGISTER R05"
"https://pmstructure.com/go/pinterest","/go/pinterest","Portal page","Yes","Unknown","needs_review","No","No","No","No","https://pmstructure.com/go/pinterest","noindex-nofollow","Route inventory","Owner review","Implemented","41+ portal routes; see PMSTRUCTURE_IMPLEMENTATION_RISK_REGISTER R05"
"https://pmstructure.com/go/podbean","/go/podbean","Portal page","Yes","Unknown","needs_review","No","No","No","No","https://pmstructure.com/go/podbean","noindex-nofollow","Route inventory","Owner review","Implemented","41+ portal routes; see PMSTRUCTURE_IMPLEMENTATION_RISK_REGISTER R05"
"https://pmstructure.com/go/podcast-directories","/go/podcast-directories","Portal page","Yes","Unknown","needs_review","No","No","No","No","https://pmstructure.com/go/podcast-directories","noindex-nofollow","Route inventory","Owner review","Implemented","41+ portal routes; see PMSTRUCTURE_IMPLEMENTATION_RISK_REGISTER R05"
"https://pmstructure.com/go/quora","/go/quora","Portal page","Yes","Unknown","needs_review","No","No","No","No","https://pmstructure.com/go/quora","noindex-nofollow","Route inventory","Owner review","Implemented","41+ portal routes; see PMSTRUCTURE_IMPLEMENTATION_RISK_REGISTER R05"
"https://pmstructure.com/go/reddit","/go/reddit","Portal page","Yes","Unknown","needs_review","No","No","No","No","https://pmstructure.com/go/reddit","noindex-nofollow","Route inventory","Owner review","Implemented","41+ portal routes; see PMSTRUCTURE_IMPLEMENTATION_RISK_REGISTER R05"
"https://pmstructure.com/go/rss-feeds","/go/rss-feeds","Portal page","Yes","Unknown","needs_review","No","No","No","No","https://pmstructure.com/go/rss-feeds","noindex-nofollow","Route inventory","Owner review","Implemented","41+ portal routes; see PMSTRUCTURE_IMPLEMENTATION_RISK_REGISTER R05"
"https://pmstructure.com/go/slack","/go/slack","Portal page","Yes","Unknown","needs_review","No","No","No","No","https://pmstructure.com/go/slack","noindex-nofollow","Route inventory","Owner review","Implemented","41+ portal routes; see PMSTRUCTURE_IMPLEMENTATION_RISK_REGISTER R05"
"https://pmstructure.com/go/snapchat","/go/snapchat","Portal page","Yes","Unknown","needs_review","No","No","No","No","https://pmstructure.com/go/snapchat","noindex-nofollow","Route inventory","Owner review","Implemented","41+ portal routes; see PMSTRUCTURE_IMPLEMENTATION_RISK_REGISTER R05"
"https://pmstructure.com/go/soundcloud","/go/soundcloud","Portal page","Yes","Unknown","needs_review","No","No","No","No","https://pmstructure.com/go/soundcloud","noindex-nofollow","Route inventory","Owner review","Implemented","41+ portal routes; see PMSTRUCTURE_IMPLEMENTATION_RISK_REGISTER R05"
"https://pmstructure.com/go/spotify","/go/spotify","Portal page","Yes","Unknown","needs_review","No","No","No","No","https://pmstructure.com/go/spotify","noindex-nofollow","Route inventory","Owner review","Implemented","41+ portal routes; see PMSTRUCTURE_IMPLEMENTATION_RISK_REGISTER R05"
"https://pmstructure.com/go/substack","/go/substack","Portal page","Yes","Unknown","needs_review","No","No","No","No","https://pmstructure.com/go/substack","noindex-nofollow","Route inventory","Owner review","Implemented","41+ portal routes; see PMSTRUCTURE_IMPLEMENTATION_RISK_REGISTER R05"
"https://pmstructure.com/go/telegram","/go/telegram","Portal page","Yes","Unknown","needs_review","No","No","No","No","https://pmstructure.com/go/telegram","noindex-nofollow","Route inventory","Owner review","Implemented","41+ portal routes; see PMSTRUCTURE_IMPLEMENTATION_RISK_REGISTER R05"
"https://pmstructure.com/go/threads","/go/threads","Portal page","Yes","Unknown","needs_review","No","No","No","No","https://pmstructure.com/go/threads","noindex-nofollow","Route inventory","Owner review","Implemented","41+ portal routes; see PMSTRUCTURE_IMPLEMENTATION_RISK_REGISTER R05"
"https://pmstructure.com/go/tiktok","/go/tiktok","Portal page","Yes","Unknown","needs_review","No","No","No","No","https://pmstructure.com/go/tiktok","noindex-nofollow","Route inventory","Owner review","Implemented","41+ portal routes; see PMSTRUCTURE_IMPLEMENTATION_RISK_REGISTER R05"
"https://pmstructure.com/go/vimeo","/go/vimeo","Portal page","Yes","Unknown","needs_review","No","No","No","No","https://pmstructure.com/go/vimeo","noindex-nofollow","Route inventory","Owner review","Implemented","41+ portal routes; see PMSTRUCTURE_IMPLEMENTATION_RISK_REGISTER R05"
"https://pmstructure.com/go/webinar","/go/webinar","Portal page","Yes","Unknown","needs_review","No","No","No","No","https://pmstructure.com/go/webinar","noindex-nofollow","Route inventory","Owner review","Implemented","41+ portal routes; see PMSTRUCTURE_IMPLEMENTATION_RISK_REGISTER R05"
"https://pmstructure.com/go/website","/go/website","Portal page","Yes","Unknown","needs_review","No","No","No","No","https://pmstructure.com/go/website","noindex-nofollow","Route inventory","Owner review","Implemented","41+ portal routes; see PMSTRUCTURE_IMPLEMENTATION_RISK_REGISTER R05"
"https://pmstructure.com/go/whatsapp","/go/whatsapp","Portal page","Yes","Unknown","needs_review","No","No","No","No","https://pmstructure.com/go/whatsapp","noindex-nofollow","Route inventory","Owner review","Implemented","41+ portal routes; see PMSTRUCTURE_IMPLEMENTATION_RISK_REGISTER R05"
"https://pmstructure.com/go/x","/go/x","Portal page","Yes","Unknown","needs_review","No","No","No","No","https://pmstructure.com/go/x","noindex-nofollow","Route inventory","Owner review","Implemented","41+ portal routes; see PMSTRUCTURE_IMPLEMENTATION_RISK_REGISTER R05"
"https://pmstructure.com/go/youtube","/go/youtube","Portal page","Yes","Unknown","needs_review","No","No","No","No","https://pmstructure.com/go/youtube","noindex-nofollow","Route inventory","Owner review","Implemented","41+ portal routes; see PMSTRUCTURE_IMPLEMENTATION_RISK_REGISTER R05"
"https://pmstructure.com/go/youtube-search","/go/youtube-search","Portal page","Yes","Unknown","needs_review","No","No","No","No","https://pmstructure.com/go/youtube-search","noindex-nofollow","Route inventory","Owner review","Implemented","41+ portal routes; see PMSTRUCTURE_IMPLEMENTATION_RISK_REGISTER R05"
"https://pmstructure.com/legal","/legal","Legal page","Yes","Unknown","index","Yes","Yes","Yes","Yes","https://pmstructure.com/legal","index-follow","Route inventory","Not required","Implemented",""
"https://pmstructure.com/legal/acceptable-use","/legal/acceptable-use","Legal page","Yes","Unknown","index","Yes","Yes","Yes","No","https://pmstructure.com/legal/acceptable-use","index-follow","Route inventory","Not required","Implemented",""
"https://pmstructure.com/legal/accessibility","/legal/accessibility","Legal page","Yes","Unknown","index","Yes","Yes","Yes","No","https://pmstructure.com/legal/accessibility","index-follow","Route inventory","Not required","Implemented",""
"https://pmstructure.com/legal/ai","/legal/ai","Legal page","Yes","Unknown","index","Yes","Yes","Yes","No","https://pmstructure.com/legal/ai","index-follow","Route inventory","Not required","Implemented",""
"https://pmstructure.com/legal/complaints","/legal/complaints","Legal page","Yes","Unknown","index","Yes","Yes","Yes","No","https://pmstructure.com/legal/complaints","index-follow","Route inventory","Not required","Implemented",""
"https://pmstructure.com/legal/cookies","/legal/cookies","Legal page","Yes","Unknown","index","Yes","Yes","Yes","Yes","https://pmstructure.com/legal/cookies","index-follow","Route inventory","Not required","Implemented",""
"https://pmstructure.com/legal/dmca","/legal/dmca","Legal page","Yes","Unknown","index","Yes","Yes","Yes","No","https://pmstructure.com/legal/dmca","index-follow","Route inventory","Not required","Implemented",""
"https://pmstructure.com/legal/dpa","/legal/dpa","Legal page","Yes","Unknown","index","Yes","Yes","Yes","No","https://pmstructure.com/legal/dpa","index-follow","Route inventory","Not required","Implemented",""
"https://pmstructure.com/legal/marketing","/legal/marketing","Legal page","Yes","Unknown","index","Yes","Yes","Yes","No","https://pmstructure.com/legal/marketing","index-follow","Route inventory","Not required","Implemented",""
"https://pmstructure.com/legal/membership-terms","/legal/membership-terms","Legal page","Yes","Unknown","index","Yes","Yes","Yes","No","https://pmstructure.com/legal/membership-terms","index-follow","Route inventory","Not required","Implemented",""
"https://pmstructure.com/legal/pricing-disclaimers","/legal/pricing-disclaimers","Legal page","Yes","Unknown","index","Yes","Yes","Yes","No","https://pmstructure.com/legal/pricing-disclaimers","index-follow","Route inventory","Not required","Implemented",""
"https://pmstructure.com/legal/privacy","/legal/privacy","Legal page","Yes","Unknown","index","Yes","Yes","Yes","Yes","https://pmstructure.com/legal/privacy","index-follow","Route inventory","Not required","Implemented",""
"https://pmstructure.com/legal/privacy/eu","/legal/privacy/eu","Legal page","Yes","Unknown","index","Yes","Yes","Yes","No","https://pmstructure.com/legal/privacy/eu","index-follow","Route inventory","Not required","Implemented",""
"https://pmstructure.com/legal/privacy/gcc","/legal/privacy/gcc","Legal page","Yes","Unknown","index","Yes","Yes","Yes","No","https://pmstructure.com/legal/privacy/gcc","index-follow","Route inventory","Not required","Implemented",""
"https://pmstructure.com/legal/privacy/gcc/ae","/legal/privacy/gcc/ae","Legal page","Yes","Unknown","index","Yes","Yes","Yes","No","https://pmstructure.com/legal/privacy/gcc/ae","index-follow","Route inventory","Not required","Implemented",""
"https://pmstructure.com/legal/privacy/gcc/bh","/legal/privacy/gcc/bh","Legal page","Yes","Unknown","index","Yes","Yes","Yes","No","https://pmstructure.com/legal/privacy/gcc/bh","index-follow","Route inventory","Not required","Implemented",""
"https://pmstructure.com/legal/privacy/gcc/kw","/legal/privacy/gcc/kw","Legal page","Yes","Unknown","index","Yes","Yes","Yes","No","https://pmstructure.com/legal/privacy/gcc/kw","index-follow","Route inventory","Not required","Implemented",""
"https://pmstructure.com/legal/privacy/gcc/om","/legal/privacy/gcc/om","Legal page","Yes","Unknown","index","Yes","Yes","Yes","No","https://pmstructure.com/legal/privacy/gcc/om","index-follow","Route inventory","Not required","Implemented",""
"https://pmstructure.com/legal/privacy/gcc/qa","/legal/privacy/gcc/qa","Legal page","Yes","Unknown","index","Yes","Yes","Yes","No","https://pmstructure.com/legal/privacy/gcc/qa","index-follow","Route inventory","Not required","Implemented",""
"https://pmstructure.com/legal/privacy/gcc/sa","/legal/privacy/gcc/sa","Legal page","Yes","Unknown","index","Yes","Yes","Yes","No","https://pmstructure.com/legal/privacy/gcc/sa","index-follow","Route inventory","Not required","Implemented",""
"https://pmstructure.com/legal/privacy/india","/legal/privacy/india","Legal page","Yes","Unknown","index","Yes","Yes","Yes","No","https://pmstructure.com/legal/privacy/india","index-follow","Route inventory","Not required","Implemented",""
"https://pmstructure.com/legal/privacy/pakistan","/legal/privacy/pakistan","Legal page","Yes","Unknown","index","Yes","Yes","Yes","No","https://pmstructure.com/legal/privacy/pakistan","index-follow","Route inventory","Not required","Implemented",""
"https://pmstructure.com/legal/privacy/uk","/legal/privacy/uk","Legal page","Yes","Unknown","index","Yes","Yes","Yes","No","https://pmstructure.com/legal/privacy/uk","index-follow","Route inventory","Not required","Implemented",""
"https://pmstructure.com/legal/privacy/us","/legal/privacy/us","Legal page","Yes","Unknown","index","Yes","Yes","Yes","No","https://pmstructure.com/legal/privacy/us","index-follow","Route inventory","Not required","Implemented",""
"https://pmstructure.com/legal/refunds","/legal/refunds","Legal page","Yes","Unknown","index","Yes","Yes","Yes","Yes","https://pmstructure.com/legal/refunds","index-follow","Route inventory","Not required","Implemented",""
"https://pmstructure.com/legal/regional-pricing","/legal/regional-pricing","Legal page","Yes","Unknown","index","Yes","Yes","Yes","No","https://pmstructure.com/legal/regional-pricing","index-follow","Route inventory","Not required","Implemented",""
"https://pmstructure.com/legal/security","/legal/security","Legal page","Yes","Unknown","index","Yes","Yes","Yes","No","https://pmstructure.com/legal/security","index-follow","Route inventory","Not required","Implemented",""
"https://pmstructure.com/legal/services","/legal/services","Legal page","Yes","Unknown","index","Yes","Yes","Yes","Yes","https://pmstructure.com/legal/services","index-follow","Route inventory","Not required","Implemented",""
"https://pmstructure.com/legal/subprocessors","/legal/subprocessors","Legal page","Yes","Unknown","index","Yes","Yes","Yes","No","https://pmstructure.com/legal/subprocessors","index-follow","Route inventory","Not required","Implemented",""
"https://pmstructure.com/legal/tax","/legal/tax","Legal page","Yes","Unknown","index","Yes","Yes","Yes","No","https://pmstructure.com/legal/tax","index-follow","Route inventory","Not required","Implemented",""
"https://pmstructure.com/legal/terms","/legal/terms","Legal page","Yes","Unknown","index","Yes","Yes","Yes","Yes","https://pmstructure.com/legal/terms","index-follow","Route inventory","Not required","Implemented",""
"https://pmstructure.com/login","/login","Admin redirect","Yes","Unknown","redirect","No","No","No","No","https://pmstructure.com/login","redirect","next.config.ts","Not required","Implemented",""
"https://pmstructure.com/membership","/membership","Marketing hub","Yes","Unknown","needs_review","No","No","No","No","https://pmstructure.com/membership","noindex-nofollow","Route inventory","Owner review","Implemented",""
"https://pmstructure.com/membership/checkout","/membership/checkout","Checkout/utility","Yes","Unknown","noindex","No","No","No","No","https://pmstructure.com/membership/checkout","noindex-nofollow","Route inventory + indexing-metadata.ts","Not required","Implemented",""
"https://pmstructure.com/membership/checkout/success","/membership/checkout/success","Checkout/utility","Yes","Unknown","noindex","No","No","No","No","https://pmstructure.com/membership/checkout/success","noindex-nofollow","Route inventory + indexing-metadata.ts","Not required","Implemented",""
"https://pmstructure.com/newsletter","/newsletter","Marketing hub","Yes","Unknown","index","Yes","Yes","Yes","Yes","https://pmstructure.com/newsletter","index-follow","Route inventory","Not required","Implemented",""
"https://pmstructure.com/payment","/payment","Spec example — not in repo","No","Unknown","needs_review","No","No","No","No","https://pmstructure.com/payment","noindex-nofollow","T-038 spec example","Required","Not in repo","Do not publish or index until route exists and is approved"
"https://pmstructure.com/payments","/payments","Spec example — not in repo","No","Unknown","needs_review","No","No","No","No","https://pmstructure.com/payments","noindex-nofollow","T-038 spec example","Required","Not in repo","Do not publish or index until route exists and is approved"
"https://pmstructure.com/pm-service","/pm-service","Marketing hub","Yes","Unknown","needs_review","No","No","No","No","https://pmstructure.com/pm-service","noindex-nofollow","Route inventory","Owner review","Implemented",""
"https://pmstructure.com/pmp","/pmp","PMP hub","Yes","Unknown","index","Yes","Yes","Yes","Yes","https://pmstructure.com/pmp","index-follow","Route inventory","Not required","Implemented","Supporting PMP hub — distinct from /certifications/pmp commercial page (T-032)"
"https://pmstructure.com/pmp-after-9-july-2026","/pmp-after-9-july-2026","PMP cluster guide","Yes","Unknown","index","Yes","Yes","Yes","No","https://pmstructure.com/pmp-after-9-july-2026","index-follow","Route inventory","Not required","Implemented",""
"https://pmstructure.com/pmp-agile-hybrid-predictive","/pmp-agile-hybrid-predictive","PMP cluster guide","Yes","Unknown","index","Yes","Yes","Yes","No","https://pmstructure.com/pmp-agile-hybrid-predictive","index-follow","Route inventory","Not required","Implemented",""
"https://pmstructure.com/pmp-ai-sustainability-value-delivery","/pmp-ai-sustainability-value-delivery","PMP cluster guide","Yes","Unknown","index","Yes","Yes","Yes","No","https://pmstructure.com/pmp-ai-sustainability-value-delivery","index-follow","Route inventory","Not required","Implemented",""
"https://pmstructure.com/pmp-before-8-july-2026","/pmp-before-8-july-2026","PMP cluster guide","Yes","Unknown","index","Yes","Yes","Yes","No","https://pmstructure.com/pmp-before-8-july-2026","index-follow","Route inventory","Not required","Implemented",""
"https://pmstructure.com/pmp-business-environment-domain","/pmp-business-environment-domain","PMP cluster guide","Yes","Unknown","index","Yes","Yes","Yes","No","https://pmstructure.com/pmp-business-environment-domain","index-follow","Route inventory","Not required","Implemented",""
"https://pmstructure.com/pmp-certification","/pmp-certification","Spec example — not in repo","No","Unknown","needs_review","No","No","No","No","https://pmstructure.com/pmp-certification","noindex-nofollow","T-038 spec example","Required","Not in repo","Do not publish or index until route exists and is approved"
"https://pmstructure.com/pmp-current-vs-new-exam","/pmp-current-vs-new-exam","PMP cluster guide","Yes","Unknown","index","Yes","Yes","Yes","Yes","https://pmstructure.com/pmp-current-vs-new-exam","index-follow","Route inventory","Not required","Implemented",""
"https://pmstructure.com/pmp-enrollment","/pmp-enrollment","PMP service pathway","Yes","Unknown","index","Yes","Yes","Yes","No","https://pmstructure.com/pmp-enrollment","index-follow","Route inventory","Not required","Implemented",""
"https://pmstructure.com/pmp-exam","/pmp-exam","Spec example — not in repo","No","Unknown","needs_review","No","No","No","No","https://pmstructure.com/pmp-exam","noindex-nofollow","T-038 spec example","Required","Not in repo","Do not publish or index until route exists and is approved"
"https://pmstructure.com/pmp-exam-2026","/pmp-exam-2026","PMP cluster guide","Yes","Unknown","index","Yes","Yes","Yes","Yes","https://pmstructure.com/pmp-exam-2026","index-follow","Route inventory","Not required","Implemented","Supporting deep guide — not primary nav target (T-032)"
"https://pmstructure.com/pmp-exam-timeline-2026","/pmp-exam-timeline-2026","PMP cluster guide","Yes","Unknown","index","Yes","Yes","Yes","Yes","https://pmstructure.com/pmp-exam-timeline-2026","index-follow","Route inventory","Not required","Implemented",""
"https://pmstructure.com/pmp-faq","/pmp-faq","Marketing hub","Yes","Unknown","index","Yes","Yes","Yes","Yes","https://pmstructure.com/pmp-faq","index-follow","Route inventory","Not required","Implemented",""
"https://pmstructure.com/pmp-foundation","/pmp-foundation","PMP course pathway","Yes","Unknown","index","Yes","Yes","Yes","Yes","https://pmstructure.com/pmp-foundation","index-follow","Route inventory","Not required","Implemented",""
"https://pmstructure.com/pmp-mastery","/pmp-mastery","PMP course pathway","Yes","Unknown","index","Yes","Yes","Yes","Yes","https://pmstructure.com/pmp-mastery","index-follow","Route inventory","Not required","Implemented",""
"https://pmstructure.com/pmp-mock-exam","/pmp-mock-exam","PMP service pathway","Yes","Unknown","index","Yes","Yes","Yes","No","https://pmstructure.com/pmp-mock-exam","index-follow","Route inventory","Not required","Implemented",""
"https://pmstructure.com/pmp-new-exam-domain-weighting","/pmp-new-exam-domain-weighting","PMP cluster guide","Yes","Unknown","index","Yes","Yes","Yes","No","https://pmstructure.com/pmp-new-exam-domain-weighting","index-follow","Route inventory","Not required","Implemented",""
"https://pmstructure.com/pmp-people-domain","/pmp-people-domain","PMP cluster guide","Yes","Unknown","index","Yes","Yes","Yes","No","https://pmstructure.com/pmp-people-domain","index-follow","Route inventory","Not required","Implemented",""
"https://pmstructure.com/pmp-process-domain","/pmp-process-domain","PMP cluster guide","Yes","Unknown","index","Yes","Yes","Yes","No","https://pmstructure.com/pmp-process-domain","index-follow","Route inventory","Not required","Implemented",""
"https://pmstructure.com/pmp-professional","/pmp-professional","PMP course pathway","Yes","Unknown","index","Yes","Yes","Yes","Yes","https://pmstructure.com/pmp-professional","index-follow","Route inventory","Not required","Implemented",""
"https://pmstructure.com/pmp-q-and-a-support","/pmp-q-and-a-support","PMP service pathway","Yes","Unknown","index","Yes","Yes","Yes","No","https://pmstructure.com/pmp-q-and-a-support","index-follow","Route inventory","Not required","Implemented",""
"https://pmstructure.com/pmp-readiness-diagnostic","/pmp-readiness-diagnostic","PMP service pathway","Yes","Unknown","index","Yes","Yes","Yes","Yes","https://pmstructure.com/pmp-readiness-diagnostic","index-follow","Route inventory","Not required","Implemented",""
"https://pmstructure.com/pmp-scenario-practice","/pmp-scenario-practice","PMP service pathway","Yes","Unknown","index","Yes","Yes","Yes","No","https://pmstructure.com/pmp-scenario-practice","index-follow","Route inventory","Not required","Implemented",""
"https://pmstructure.com/pmp-study-plan-2026","/pmp-study-plan-2026","PMP cluster guide","Yes","Unknown","index","Yes","Yes","Yes","Yes","https://pmstructure.com/pmp-study-plan-2026","index-follow","Route inventory","Not required","Implemented",""
"https://pmstructure.com/sitemap","/sitemap","Marketing hub","Yes","Unknown","index","Yes","Yes","Yes","Yes","https://pmstructure.com/sitemap","index-follow","Route inventory","Not required","Implemented",""
"https://pmstructure.com/store","/store","Legacy redirect","Yes","Unknown","redirect","No","No","No","No","https://pmstructure.com/store","redirect","Route inventory + T-037","Not required","Implemented",""
"https://pmstructure.com/success","/success","Spec example — not in repo","No","Unknown","needs_review","No","No","No","No","https://pmstructure.com/success","noindex-nofollow","T-038 spec example","Required","Not in repo","Do not publish or index until route exists and is approved"
"https://pmstructure.com/thank-you","/thank-you","Spec example — not in repo","No","Unknown","needs_review","No","No","No","No","https://pmstructure.com/thank-you","noindex-nofollow","T-038 spec example","Required","Not in repo","Do not publish or index until route exists and is approved"
"https://pmstructure.com/thanks","/thanks","Spec example — not in repo","No","Unknown","needs_review","No","No","No","No","https://pmstructure.com/thanks","noindex-nofollow","T-038 spec example","Required","Not in repo","Do not publish or index until route exists and is approved"
"https://pmstructure.com/topics","/topics","Marketing hub","Yes","Unknown","index","Yes","Yes","Yes","Yes","https://pmstructure.com/topics","index-follow","Route inventory","Not required","Implemented",""
"https://pmstructure.com/topics/agile-project-management","/topics/agile-project-management","Topic hub","Yes","Unknown","index","Yes","Yes","Yes","No","https://pmstructure.com/topics/agile-project-management","index-follow","Route inventory","Not required","Implemented",""
"https://pmstructure.com/topics/ai-in-project-management","/topics/ai-in-project-management","Topic hub","Yes","Unknown","index","Yes","Yes","Yes","No","https://pmstructure.com/topics/ai-in-project-management","index-follow","Route inventory","Not required","Implemented",""
"https://pmstructure.com/topics/business-environment-domain","/topics/business-environment-domain","Topic hub","Yes","Unknown","index","Yes","Yes","Yes","No","https://pmstructure.com/topics/business-environment-domain","index-follow","Route inventory","Not required","Implemented",""
"https://pmstructure.com/topics/exam-readiness","/topics/exam-readiness","Topic hub","Yes","Unknown","index","Yes","Yes","Yes","No","https://pmstructure.com/topics/exam-readiness","index-follow","Route inventory","Not required","Implemented",""
"https://pmstructure.com/topics/hybrid-project-management","/topics/hybrid-project-management","Topic hub","Yes","Unknown","index","Yes","Yes","Yes","No","https://pmstructure.com/topics/hybrid-project-management","index-follow","Route inventory","Not required","Implemented",""
"https://pmstructure.com/topics/mock-exam-review","/topics/mock-exam-review","Topic hub","Yes","Unknown","index","Yes","Yes","Yes","No","https://pmstructure.com/topics/mock-exam-review","index-follow","Route inventory","Not required","Implemented",""
"https://pmstructure.com/topics/pmi-rmp-preparation","/topics/pmi-rmp-preparation","Topic hub","Yes","Unknown","index","Yes","Yes","Yes","No","https://pmstructure.com/topics/pmi-rmp-preparation","index-follow","Route inventory","Not required","Implemented",""
"https://pmstructure.com/topics/pmp-domain-weighting","/topics/pmp-domain-weighting","Topic hub","Yes","Unknown","index","Yes","Yes","Yes","No","https://pmstructure.com/topics/pmp-domain-weighting","index-follow","Route inventory","Not required","Implemented",""
"https://pmstructure.com/topics/pmp-exam-2026","/topics/pmp-exam-2026","Topic hub","Yes","Unknown","index","Yes","Yes","Yes","Yes","https://pmstructure.com/topics/pmp-exam-2026","index-follow","Route inventory","Not required","Implemented",""
"https://pmstructure.com/topics/pmp-exam-preparation","/topics/pmp-exam-preparation","Topic hub","Yes","Unknown","index","Yes","Yes","Yes","No","https://pmstructure.com/topics/pmp-exam-preparation","index-follow","Route inventory","Not required","Implemented",""
"https://pmstructure.com/topics/pmp-people-domain","/topics/pmp-people-domain","Topic hub","Yes","Unknown","index","Yes","Yes","Yes","No","https://pmstructure.com/topics/pmp-people-domain","index-follow","Route inventory","Not required","Implemented",""
"https://pmstructure.com/topics/pmp-process-domain","/topics/pmp-process-domain","Topic hub","Yes","Unknown","index","Yes","Yes","Yes","No","https://pmstructure.com/topics/pmp-process-domain","index-follow","Route inventory","Not required","Implemented",""
"https://pmstructure.com/topics/pmp-readiness","/topics/pmp-readiness","Topic hub","Yes","Unknown","index","Yes","Yes","Yes","No","https://pmstructure.com/topics/pmp-readiness","index-follow","Route inventory","Not required","Implemented",""
"https://pmstructure.com/topics/pmp-scenario-practice","/topics/pmp-scenario-practice","Topic hub","Yes","Unknown","index","Yes","Yes","Yes","No","https://pmstructure.com/topics/pmp-scenario-practice","index-follow","Route inventory","Not required","Implemented",""
"https://pmstructure.com/topics/pmp-study-plan","/topics/pmp-study-plan","Topic hub","Yes","Unknown","index","Yes","Yes","Yes","No","https://pmstructure.com/topics/pmp-study-plan","index-follow","Route inventory","Not required","Implemented",""
"https://pmstructure.com/topics/predictive-project-management","/topics/predictive-project-management","Topic hub","Yes","Unknown","index","Yes","Yes","Yes","No","https://pmstructure.com/topics/predictive-project-management","index-follow","Route inventory","Not required","Implemented",""
"https://pmstructure.com/topics/prince2-preparation","/topics/prince2-preparation","Topic hub","Yes","Unknown","index","Yes","Yes","Yes","No","https://pmstructure.com/topics/prince2-preparation","index-follow","Route inventory","Not required","Implemented",""
"https://pmstructure.com/topics/project-delivery-readiness","/topics/project-delivery-readiness","Topic hub","Yes","Unknown","index","Yes","Yes","Yes","No","https://pmstructure.com/topics/project-delivery-readiness","index-follow","Route inventory","Not required","Implemented",""
"https://pmstructure.com/topics/project-governance","/topics/project-governance","Topic hub","Yes","Unknown","index","Yes","Yes","Yes","No","https://pmstructure.com/topics/project-governance","index-follow","Route inventory","Not required","Implemented",""
"https://pmstructure.com/topics/project-management-certification","/topics/project-management-certification","Topic hub","Yes","Unknown","index","Yes","Yes","Yes","No","https://pmstructure.com/topics/project-management-certification","index-follow","Route inventory","Not required","Implemented",""
"https://pmstructure.com/topics/project-value-delivery","/topics/project-value-delivery","Topic hub","Yes","Unknown","index","Yes","Yes","Yes","No","https://pmstructure.com/topics/project-value-delivery","index-follow","Route inventory","Not required","Implemented",""
"https://pmstructure.com/topics/risk-management","/topics/risk-management","Topic hub","Yes","Unknown","index","Yes","Yes","Yes","No","https://pmstructure.com/topics/risk-management","index-follow","Route inventory","Not required","Implemented",""
"https://pmstructure.com/topics/six-sigma-preparation","/topics/six-sigma-preparation","Topic hub","Yes","Unknown","index","Yes","Yes","Yes","No","https://pmstructure.com/topics/six-sigma-preparation","index-follow","Route inventory","Not required","Implemented",""
"https://pmstructure.com/topics/stakeholder-engagement","/topics/stakeholder-engagement","Topic hub","Yes","Unknown","index","Yes","Yes","Yes","No","https://pmstructure.com/topics/stakeholder-engagement","index-follow","Route inventory","Not required","Implemented",""
"https://pmstructure.com/topics/sustainability-in-project-management","/topics/sustainability-in-project-management","Topic hub","Yes","Unknown","index","Yes","Yes","Yes","No","https://pmstructure.com/topics/sustainability-in-project-management","index-follow","Route inventory","Not required","Implemented",""
"https://pmstructure.com/topics/value-delivery","/topics/value-delivery","Topic hub","Yes","Unknown","index","Yes","Yes","Yes","No","https://pmstructure.com/topics/value-delivery","index-follow","Route inventory","Not required","Implemented",""
