Batch_ID,Batch_Name,Scope,Ask_Status,Plan_Status,Agent_Status,Deployment_Status,Verification_Status,Open_Risks,Owner_Action,Final_Status,Notes
B01,Offer focus + compliance claims,PMP offer focus and claims safety,Completed,Completed,N/A,Deployed,Pending owner/legal,"Claims on live pages need periodic review",Sheikh review trademark wording,Implemented,"Do not mark verified without legal sign-off."
B02,Business controls + operating system,Business thresholds proof targets cohort controls,Completed,Completed,N/A,N/A,Pending owner,"Mostly owner/business operating work",Sheikh monthly burn/revenue reviews,Implemented,"See burn/revenue/kill-pivot docs."
B03,Analytics + conversion tracking,GA4/GTM/key events/CTA tracking,Completed,Completed,Completed,Deployed,Pending GA4,"GSC/GA4 live proof pending",Mahaa DebugView + Tag Assistant,Implemented,"npm run seo:audit-analytics. G-E9QRM0GQ1W default in ga-config."
B04,Crawl + indexation controls,robots/sitemap/noindex/GSC,Completed,Completed,Completed,Deployed,Pending GSC,"GSC evidence required",Mahaa sitemap + URL inspection,Implemented,"npm run seo:audit-crawl-indexation"
B05,Redirects + URL canonicalization,canonical host/redirects/404/410,Completed,Completed,Completed,Deployed,Pending live curl,"Live curl all priority redirects",Developer curl priority URLs,Implemented,"/privacy and /terms → /legal/* redirects in next.config.ts"
B06,Architecture + on-page SEO,titles/H1/internal links/breadcrumbs,Completed,Completed,Completed,Deployed,Pending crawl,"/pmp-exam-2026 title/H1 flagged",Developer on-page audit follow-up,Implemented,"pmstructure-on-page-seo-audit.csv"
B07,Schema + OG metadata,JSON-LD/OG/social metadata,Completed,Completed,Completed,Deployed,Pending Rich Results,"schema validation required",Developer Rich Results Test,Implemented,"npm run seo:schema-guards-check"
B08,Performance + images,PageSpeed/images/cache,Completed,Completed,Completed,Deployed,Pending PSI,"PageSpeed evidence TBD in performance audit CSV",Developer PSI baseline,Implemented,"npm run audit:performance-assets"
B09,Technical hygiene,mixed content/backup/plugins,Completed,Completed,Completed,Deployed,Pending monthly audit,"WordPress-only items N/A",Developer monthly hygiene row,Implemented,"npm run audit:technical-hygiene"
B10,Competitor benchmark,competitors/metrics/claim risks,Completed,Completed,Completed,Deployed,Pending export,"metrics require export — no invented numbers",Mahaa SERP notes,Implemented,"npm run audit:competitor-benchmark"
B11,Content engine,PMP 2026 guide/FAQ/answer/calendar,Completed,Completed,Completed,Deployed,Pending source lock,"official source verification required",Sheikh fact lock review,Implemented,"PMSTRUCTURE_PMP_2026_FACT_LOCK.md"
B12,Offer + trust layer,CTA/packages/testimonials/GCC/scholarships,Completed,Completed,Completed,Deployed,Pending owner,"owner/legal approvals required",Sheikh testimonial/regional decisions,Implemented,"npm run audit:offer-trust"
B13,Reporting + QA,weekly dashboard/monthly audit/signoff,Completed,Completed,Completed,Deployed,Pending external evidence,"GA4/GSC/PageSpeed pending",Mahaa fill weekly dashboard,Implemented,"npm run audit:reporting-qa"
B14,Local / brand SEO,favicon/social/GBP/citations/site search,Completed,Completed,Completed,Deployed,Pending conditional,"local SEO conditional on business model",Sheikh GBP decision,Implemented,"npm run audit:local-brand-seo if present"
B15,Final crawl fixes + closeout,priority URL QA/residual fixes/backlink register,Completed,Completed,Completed,Deployed,Pending crawl,"Full crawl + owner PMP URL decision + /terms redirect",See pmstructure-final-owner-action-list.csv,Agent complete,"This batch. Do not claim crawl complete."
