Competitor_ID,Brand,URL,Source_Type,Page_Type,Primary_Offer,Primary_Audience,Primary_CTA,Main_Promise,Trust_Signals,Delivery_Format,Pricing_Visibility,Certification_Body_Relationship,FAQ_Coverage,Schema_Visible,Title_H1_Notes,Content_Depth,Strengths,Weaknesses,PMStructure_Opportunity,Claims_To_Avoid,Data_Source,Confidence,Notes
PMI-PMP,PMI,https://www.pmi.org/certifications/project-management-pmp,Official body,Certification information,PMP certification requirements,Global PM professionals,TBD,TBD,Official PMI certification authority,TBD,TBD,Not visible automated,Source of truth for PMP eligibility and exam,TBD,TBD,TBD,TBD,Factual boundary for eligibility and exam fees,TBD,Do not copy ATP or official-provider language,Automated fetch 403,Requires owner research,pmi.org blocked automated fetch
PMI-ATP,PMI,https://www.pmi.org/learning/authorized-training-partners,Official body,ATP program directory,Authorized Training Partner program,Training buyers seeking PMI ATP,TBD,TBD,Official PMI ATP program,TBD,TBD,Not visible automated,Defines authorized training partner status,TBD,TBD,TBD,TBD,Compliance reference only,TBD,Never claim ATP unless verified,Automated fetch 403,Requires owner research,Owner browser capture required
PMTRAINING,PMTraining,https://www.pmtraining.com/,Commercial training,PMP course homepage,PMP exam prep courses,PMP candidates,View PMP Classes and Pricing,Pass your PMP with Affordable Expert-Led Prep,100% money back guarantee; Premier ATP badge; student count cited; award claim,Live virtual; on-demand; practice exams; corporate,Schedule and Pricing CTA,Claims Premier Authorized Training Partner of PMI,FAQ visible,TBD,PMP Certification Training H1,Deep catalog and FAQ,ATP and guarantee messaging; flexible formats,Discount/guarantee positioning,Roadmap-first readiness without ATP mimicry,100% guarantee; ATP badge; student counts,Live page fetch 2026-06,Verified from live page,Visible copy only
SIMPLILEARN,Simplilearn,https://www.simplilearn.com/project-management/pmp-certification-training,Commercial training,PMP landing page,PMP certification training,PMP candidates,View Training Options,Leading PMI Partner; first-attempt pass plan,Premier ATP; ratings; learner count; 100% money back,Live; simulations; GenAI; 35 contact hours,Training options flow,Claims Premier Authorized Training Partner,FAQ visible,TBD,PMP Certification Training H1,Deep curriculum,Scale; contact hours; pass plan,Generic course factory,2026 transition and mentor trust,First attempt pass; guarantee; ATP; learner counts,Live page fetch 2026-06,Verified from live page,
COURSERA,Coursera,https://www.coursera.org/courses?query=pmp,Marketplace aggregator,Search results,PMP courses from multiple providers,PMP learners browsing,Enroll / Free trial,Best PMP Courses 2026,Per-course ratings; university brands,Self-paced; certificates; subscriptions,Varies by course,Marketplace not single provider,FAQ on page,TBD,Best PMP Courses 2026 H1,Wide catalog,University brand trust,No single coherent offer,Structured pathway vs marketplace,Implying university partnership,Live page fetch 2026-06,Partially verified,Top: Pearson; UMD; Google PM
KNOWLEDGEHUT,KnowledgeHut,https://www.knowledgehut.com/project-management/pmp-certification-training,Commercial training,PMP landing page,PMP certification training,PMP candidates,View Schedules,Ace PMP in first attempt in 5 weeks,Enrolled count; ratings; PMI ATP; 100% guarantee,Live 36h; simulator; mentor plan,Schedules and quote,Claims PMI Authorized Training Partner,FAQ visible,TBD,PMP Certification Training H1,Schedules and success blocks,Social proof; bootcamp pacing,Heavy guarantee framing,Corporate and GCC without fake counts,Enrolled count; guarantee; ATP,Live page fetch 2026-06,Verified from live page,
IPM-GUIDE,Institute Project Management,https://instituteprojectmanagement.com/blog/best-project-management-certification-2026-expert-guide/,Content reference,Expert article,Certification comparison guide,Certification researchers,Explore courses,Best PM Certification 2026 Expert Guide,Trusted since 1989; career stage sections,Long-form article,N/A content,Independent educator not PMI,Article H2 sections,TBD,Best PM Certification 2026 H1,Long comparison,SERP informational structure,Commercial bias to IPM,Answer/topic depth without copying,Presenting as official body,Live page fetch 2026-06,Verified from live page,
PRINCE2,PRINCE2,https://www.prince2.com/,Official body (PRINCE2),Training homepage,Accredited PRINCE2 training,PRINCE2 learners,Find your course,Accredited PRINCE2 training,96% satisfaction; 500k customers; accredited,Online; classroom; blended,Featured prices visible,Official PRINCE2 training site,Testimonials and blog,TBD,Accredited PRINCE2 training H1,Corporate and individual paths,Clear accredited model,Not PMP-focused,PRINCE2 secondary pages only,False accreditation claims,Live page fetch 2026-06,Partially verified,
SIXSIGMA,Six Sigma Council,https://www.sixsigmacouncil.org/,Official body (Six Sigma),Industry standard page,Six Sigma certification standard,Six Sigma candidates,TBD,Official Industry Standard,TBD,TBD,TBD,TBD,Source of truth Six Sigma,TBD,TBD,Minimal fetch content,TBD,TBD,LSS secondary pages only,False official claims,Live page fetch 2026-06,Partially verified,Owner review needed
PMSTRUCTURE,PM Structure,https://pmstructure.com/certifications/pmp,Own-site benchmark,Commercial PMP readiness,PMP 2026 Readiness Pathway,Experienced project leaders,Roadmap form / Enroll,Structured exam-preparation support,Independent disclaimer; tier pricing; regional pricing,Foundation LMS; Professional blended; Mastery mentor-led,Visible tier tuition,Independent exam-prep not ATP,Eligibility sections on page,TBD from B07,PMP 2026 Readiness Pathway H1,Deep tiers and compliance,2026 focus; roadmap CTA; compliance-safe,No public review volume,Transition clarity; mentor; GCC/engineer,ATP; guarantee; fake social proof,Repo + live fetch 2026-06,Verified,Primary money page
