URL,Last crawled
https://pmstructure.com/newsletter/hybrid-methodologies-enterprise,2026-07-06
https://pmstructure.com/answers/what-is-the-pmp-exam-content-outline,2026-06-25
https://pmstructure.com/pmp-study-plan-2026,2026-06-25
https://pmstructure.com/legal/complaints,2026-06-25
https://pmstructure.com/legal/cookies,2026-06-25
https://pmstructure.com/membership,2026-06-25
https://pmstructure.com/certifications/p3o,2026-06-25
https://pmstructure.com/certifications/pfmp,2026-06-24
https://pmstructure.com/answers/should-i-take-pmp-before-8-july-2026,2026-06-24
https://pmstructure.com/pmp-exam-2026,2026-06-24
https://pmstructure.com/pmp-readiness-diagnostic,2026-06-24
https://pmstructure.com/certifications/lss-black,2026-06-24
https://pmstructure.com/certifications/pmi-acp,2026-06-24
https://pmstructure.com/topics,2026-06-23
https://pmstructure.com/certifications/lss-white,2026-06-23
https://pmstructure.com/newsletter/building-high-performance-pmo,2026-06-23
https://pmstructure.com/newsletter,2026-06-23
https://pmstructure.com/newsletter/2026-pmp-exam-changes,2026-06-22
https://pmstructure.com/answers,2026-06-22
https://pmstructure.com/certifications/compare,2026-06-22
https://pmstructure.com/certifications,2026-06-22
https://pmstructure.com/legal/privacy,2026-06-22
https://pmstructure.com/pmp,2026-06-22
https://pmstructure.com/answers/should-i-prepare-for-new-pmp-after-9-july-2026,2026-06-22
https://pmstructure.com/go/google-search,2026-06-20
https://pmstructure.com/legal,2026-06-20
https://pmstructure.com/go/youtube-search,2026-06-20
https://pmstructure.com/pmp-business-environment-domain,2026-06-19
https://pmstructure.com/topics/pmp-exam-2026,2026-06-19
https://pmstructure.com/go/slack,2026-06-19
https://pmstructure.com/pmp-mock-exam,2026-06-18
https://pmstructure.com/topics/ai-in-project-management,2026-06-18
https://pmstructure.com/go/facebook,2026-06-18
https://pmstructure.com/certifications/pmi-rmp,2026-06-18
https://pmstructure.com/certifications/gpm-b,2026-06-18
https://pmstructure.com/pm-service,2026-06-18
https://pmstructure.com/topics/hybrid-project-management,2026-06-18
https://pmstructure.com/answers/what-is-lean-six-sigma-green-belt,2026-06-18
https://pmstructure.com/legal/marketing,2026-06-18
https://pmstructure.com/go/hashnode,2026-06-18
https://pmstructure.com/go/beehiiv,2026-06-18
https://pmstructure.com/go/tiktok,2026-06-17
https://pmstructure.com/about,2026-06-17
https://pmstructure.com/certifications/prince2,2026-06-17
https://pmstructure.com/legal/subprocessors,2026-06-17
https://pmstructure.com/contact,2026-06-13
https://pmstructure.com/legal/privacy/gcc/bh,2026-06-12
https://pmstructure.com/legal/ai,2026-06-12
https://pmstructure.com/legal/privacy/gcc/kw,2026-06-12