No.,Page / URL,Primary Keyword,Market,Intent,Recommended H1,Meta Description (150–160 chars),Meta Length,Recommended CTA,General Keyword Used in Meta,Meta Rule
1,/pmp-certification-uae,pmp certification uae,UAE,Commercial,PMP Certification Training,"PMP Certification Course: get live PMP training, exam prep, study resources, trainer support, fee guidance and a clear route to certification. Start today.",155,Compare course + request fee,pmp certification,Meta descriptions use general search terms only; country/location words are excluded from H1 and meta text.
2,/online-pmp-course,online pmp course,GCC,Transactional,Online PMP Course,"Online PMP Course: study live online with PMP exam prep, trainer support, study resources, flexible batches, fee guidance and WhatsApp enrollment. Start today.",159,Enroll / WhatsApp inquiry,online pmp course,
3,/pmp-training-uae,pmp training uae,UAE,Transactional,PMP Training Course,"PMP Training Course: join live online PMP classes with exam prep, study resources, trainer support, fee guidance and fast WhatsApp enrollment. Start today.",155,Enroll / WhatsApp inquiry,pmp training,
4,/pmp-training-egypt,pmp training egypt,Egypt,Transactional,PMP Training Course,"PMP Training Course: prepare for PMP with live classes, exam strategy, trainer guidance, study resources, batch details and enrollment support. Start today.",156,Enroll / WhatsApp inquiry,pmp training,
5,/online-pmp-certification-course,online pmp certification course,GCC,Transactional,Online PMP Certification Course,"Online PMP Certification Course: prepare for the PMP exam with live online classes, study resources, trainer support, batch details and enrollment help.",152,Enroll / WhatsApp inquiry,online pmp certification course,
6,/pmp-certification-saudi-arabia,pmp certification saudi arabia,Saudi Arabia,Commercial,PMP Certification Training,"PMP Certification Training: build exam readiness with live online classes, PMI-focused prep, study support, course fee guidance and enrollment help. Learn more.",160,Compare course + request fee,pmp certification,
7,/pmp-certification-egypt,pmp certification egypt,Egypt,Commercial,PMP Certification Training,"Project Management Professional Certification: prepare for PMP with live classes, study resources, exam guidance, trainer support and course details. Start now.",160,Compare course + request fee,pmp certification,
8,/pmp-training-saudi-arabia,pmp training saudi arabia,Saudi Arabia,Transactional,PMP Training Course,"PMP Training: improve exam readiness with structured classes, PMP study resources, trainer support, mock practice and course fee guidance. Start today.",151,Enroll / WhatsApp inquiry,pmp training,
9,/pmp-course-saudi-arabia,pmp course saudi arabia,Saudi Arabia,Transactional,PMP Course,"PMP Course: prepare for PMP with live training, exam prep, study resources, trainer support, fee details and fast enrollment guidance. Ask for details.",151,Enroll / WhatsApp inquiry,pmp course,
10,/pmp-course-uae,pmp course uae,UAE,Transactional,PMP Course,"PMP Course: learn the PMP framework with live classes, exam-focused support, study materials, trainer guidance and clear batch details. Ask for details.",152,Enroll / WhatsApp inquiry,pmp course,
11,/corporate-project-management-training,corporate project management training,GCC,B2B Transactional,Corporate Project Management Training,"Corporate Project Management Training: upskill teams in planning, delivery, risk, reporting and stakeholder management with live workshops. Start today.",152,Book corporate training call,corporate project management training,
12,/pmp-training-qatar,pmp training qatar,Qatar,Transactional,PMP Training Course,"PMP Training Course: join live online PMP classes with exam prep, study resources, trainer support, fee guidance and fast WhatsApp enrollment. Start today.",155,Enroll / WhatsApp inquiry,pmp training,
13,/project-management-training-for-companies,project management training for companies,GCC,B2B Transactional,Project Management Training for Companies,"Project Management Training for Companies: build team capability in planning, delivery, scheduling, risk and reporting through practical workshops. Start today.",160,Book corporate training call,project management training for companies,
14,/pmp-certification-qatar,pmp certification qatar,Qatar,Commercial,PMP Certification Training,"PMP Certification Training: build exam readiness with live online classes, PMI-focused prep, study support, course fee guidance and enrollment help. Learn more.",160,Compare course + request fee,pmp certification,
15,/pmp-training-oman,pmp training oman,Oman,Transactional,PMP Training Course,"PMP Training Course: join live online PMP classes with exam prep, study resources, trainer support, fee guidance and fast WhatsApp enrollment. Start today.",155,Enroll / WhatsApp inquiry,pmp training,
16,/corporate-pmp-training,corporate pmp training,GCC,B2B Transactional,Corporate PMP Training,"Corporate PMP Training: prepare teams for PMP with live classes, exam prep, trainer support, batch planning, reporting and enrollment guidance. Start today.",156,Book corporate training call,corporate pmp training,
17,/pmp-certification-oman,pmp certification oman,Oman,Commercial,PMP Certification Training,"PMP Certification Course: get live PMP training, exam prep, study resources, trainer support, fee guidance and a clear route to certification. Start today.",155,Compare course + request fee,pmp certification,
18,/pmp-course-egypt,pmp course egypt,Egypt,Transactional,PMP Course,"PMP Course: prepare for PMP with live training, exam prep, study resources, trainer support, fee details and fast enrollment guidance. Ask for details.",151,Enroll / WhatsApp inquiry,pmp course,
19,/pmp-exam-prep-course,pmp exam prep course,GCC,Transactional,PMP Exam Prep Course,"PMP Exam Prep Course: prepare with live training, exam strategy, study resources, mock practice, trainer support and WhatsApp guidance from PM Structure.",153,Enroll / WhatsApp inquiry,pmp exam prep course,
20,/pmp-exam-preparation,pmp exam preparation,GCC,Transactional,PMP Exam Preparation,"PMP Exam Preparation: build a clear study plan with live support, mock practice, exam strategy, resources and PMP trainer guidance from PM Structure. Start now.",160,Enroll / WhatsApp inquiry,pmp exam preparation,
21,/pmp-mock-exam,pmp mock exam,GCC,Lead Magnet,PMP Mock Exam,"PMP Mock Exam: practice realistic PMP questions, review weak areas, improve exam timing and get guidance for stronger PMP exam readiness. Start today.",150,Download mock test / capture lead,pmp mock exam,
22,/pmp-practice-questions,pmp practice questions,GCC,Lead Magnet,PMP Practice Questions,"PMP Practice Questions: strengthen exam prep with scenario-based questions, answers, explanations, weak-area review and guided PMP study support. Start today.",158,Download mock test / capture lead,pmp practice questions,
23,/project-management-course-egypt,project management course egypt,Egypt,Transactional,Project Management Course,"Project Management Course: build practical planning, scheduling, risk, stakeholder and delivery skills with live professional training support. Start today.",156,Enroll / WhatsApp inquiry,project management course,
24,/pmp-bootcamp,pmp bootcamp,GCC,Transactional,PMP Bootcamp,"PMP Bootcamp: complete focused PMP exam prep through intensive live training, study resources, mock practice, trainer support and enrollment guidance.",150,Enroll / WhatsApp inquiry,pmp bootcamp,
25,/pmp-certification-cost-egypt,pmp certification cost egypt,Egypt,Commercial Investigation,PMP Certification Cost,"PMP Certification Cost: compare PMP exam fees, course fees, training options, payment guidance and next steps before starting your PMP journey. Start today.",156,Compare course + request fee,pmp certification cost,
26,/pmp-certification-cost-uae,pmp certification cost uae,UAE,Commercial Investigation,PMP Certification Cost,"PMP Certification Cost: compare PMP exam fees, course fees, training options, payment guidance and next steps before starting your PMP journey. Start today.",156,Compare course + request fee,pmp certification cost,
27,/pmp-certification-online-egypt,pmp certification online egypt,Egypt,Transactional,PMP Certification Online,"PMP Certification Online: explore training details, live online classes, practical learning, trainer support, fees and enrollment guidance from PM Structure.",157,Enroll / WhatsApp inquiry,pmp certification online,
28,/pmp-exam-fees-egypt,pmp exam fees egypt,Egypt,Commercial Investigation,PMP Exam Fees,"PMP Exam Fees: understand PMP exam costs, training fees, registration steps, study support and course guidance before you apply for PMP. Ask for details.",153,Compare course + request fee,pmp exam fees,
29,/pmp-certification-cost-saudi-arabia,pmp certification cost saudi arabia,Saudi Arabia,Commercial Investigation,PMP Certification Cost,"PMP Certification Cost: compare PMP exam fees, course fees, training options, payment guidance and next steps before starting your PMP journey. Start today.",156,Compare course + request fee,pmp certification cost,
30,/pmp-exam-fees-uae,pmp exam fees uae,UAE,Commercial Investigation,PMP Exam Fees,"PMP Exam Fees: understand PMP exam costs, training fees, registration steps, study support and course guidance before you apply for PMP. Ask for details.",153,Compare course + request fee,pmp exam fees,
31,/pmp-exam-fees-saudi-arabia,pmp exam fees saudi arabia,Saudi Arabia,Commercial Investigation,PMP Exam Fees,"PMP Exam Fees: understand PMP exam costs, training fees, registration steps, study support and course guidance before you apply for PMP. Ask for details.",153,Compare course + request fee,pmp exam fees,
32,/pmp-training-online-uae,pmp training online uae,UAE,Transactional,Online PMP Training,"Online PMP Training: join live classes with PMP exam prep, study resources, trainer support, flexible batches, fee guidance and WhatsApp enrollment. Learn more.",160,Enroll / WhatsApp inquiry,pmp training online,
33,/pmp-training-online-saudi-arabia,pmp training online saudi arabia,Saudi Arabia,Transactional,Online PMP Training,"Online PMP Training: join live classes with PMP exam prep, study resources, trainer support, flexible batches, fee guidance and WhatsApp enrollment. Learn more.",160,Enroll / WhatsApp inquiry,pmp training online,
34,/pmp-course-fees-uae,pmp course fees uae,UAE,Commercial Investigation,PMP Course Fees,"PMP Course Fees: review PMP training fees, live class options, exam prep support, study resources, payment guidance and WhatsApp enrollment. Start today.",153,Compare course + request fee,pmp course fees,
35,/pmp-course-fees-in-saudi-arabia,pmp course fees in saudi arabia,Saudi Arabia,Commercial Investigation,PMP Course Fees,"PMP Course Fees: review PMP training fees, live class options, exam prep support, study resources, payment guidance and WhatsApp enrollment. Start today.",153,Compare course + request fee,pmp course fees,
36,/best-pmp-training-institute-uae,best pmp training institute uae,UAE,Commercial Investigation,Best PMP Training Institute,"Best PMP Training Institute: compare PMP training quality, live classes, trainer support, exam prep, study resources, fees and enrollment guidance. Start today.",160,Compare course + request fee,best pmp training institute,
37,/pmp-certification-cost-qatar,pmp certification cost qatar,Qatar,Commercial Investigation,PMP Certification Cost,"PMP Certification Cost: compare PMP exam fees, course fees, training options, payment guidance and next steps before starting your PMP journey. Start today.",156,Compare course + request fee,pmp certification cost,
38,/how-to-get-pmp-certification,how to get pmp certification,GCC,Informational,How to Get PMP Certification,"How to Get PMP Certification: learn the PMP steps, eligibility, exam prep, application process, study plan, fees and training options. Ask for details.",151,Read guide + CTA to course,how to get pmp certification,
39,/pmp-syllabus,pmp syllabus,GCC,Informational,PMP Syllabus,"PMP Syllabus: review PMP exam domains, topics, study areas, practice needs and course support to prepare with a structured learning plan. Start today.",150,Read guide + CTA to course,pmp syllabus,
40,/scrum-master-certification-training,scrum master certification training,GCC,Transactional,Scrum Master Certification Training,"Scrum Master Certification Training: learn Scrum roles, agile practices, sprint planning, exam prep support and live training guidance. Ask for details.",152,Enroll / WhatsApp inquiry,scrum master certification training,
41,/project-management-course-uae,project management course uae,UAE,Transactional,Project Management Course,"Project Management Course: build practical planning, scheduling, risk, stakeholder and delivery skills with live professional training support. Start today.",156,Enroll / WhatsApp inquiry,project management course,
42,/pmp-eligibility-requirements,pmp eligibility requirements,GCC,Informational,PMP Eligibility Requirements,"PMP Eligibility Requirements: understand PMP experience, education, contact hours, application steps and training support before applying. Start today.",151,Read guide + CTA to course,pmp eligibility requirements,
43,/pmp-study-plan,pmp study plan,GCC,Informational,PMP Study Plan,"PMP Study Plan: follow a structured PMP preparation roadmap with weekly study targets, practice questions, mock exams and trainer guidance. Start today.",152,Read guide + CTA to course,pmp study plan,
44,/primavera-p6-training,primavera p6 training,GCC,Transactional,Primavera P6 Training,"Primavera P6 Training: learn project scheduling, baselines, resources, tracking and reporting with practical Primavera P6 training support. Start today.",152,Enroll / WhatsApp inquiry,primavera p6 training,
45,/agile-project-management-course,agile project management course,GCC,Transactional,Project Management Course,"Project Management Course: build practical planning, scheduling, risk, stakeholder and delivery skills with live professional training support. Start today.",156,Enroll / WhatsApp inquiry,agile project management course,
46,/microsoft-project-training,microsoft project training,GCC,Transactional,Microsoft Project Training,"Microsoft Project Training: learn task planning, timelines, resources, dependencies, tracking and reporting through practical MS Project training. Start today.",159,Enroll / WhatsApp inquiry,microsoft project training,
47,/pmp-exam-dates-2026,pmp exam dates 2026,GCC,Informational,PMP Exam Dates 2026,"PMP Exam Dates 2026: understand PMP scheduling, exam windows, registration steps, prep timeline and training support for your exam plan. Ask for details.",153,Read guide + CTA to course,pmp exam dates 2026,
48,/risk-management-course,risk management course,GCC,Transactional,Risk Management Course,"Risk Management Course: learn risk identification, analysis, response planning, controls and reporting with practical project risk training. Start today.",153,Enroll / WhatsApp inquiry,risk management course,
49,/pmp-course-qatar,pmp course qatar,Qatar,Transactional,PMP Course,"PMP Course: learn the PMP framework with live classes, exam-focused support, study materials, trainer guidance and clear batch details. Ask for details.",152,Enroll / WhatsApp inquiry,pmp course,
50,/pmp-for-project-managers,pmp for project managers,GCC,Commercial,PMP for Project Managers,"PMP for Project Managers: upgrade project delivery skills with PMP exam prep, live classes, study resources, trainer guidance and course support. Start today.",158,Compare course + request fee,pmp for project managers,
51,/pmp-renewal-pdu-courses,pmp renewal pdu courses,GCC,Transactional,PMP Renewal PDU Courses,"PMP Renewal PDU Courses: earn PDUs, maintain your PMP credential and continue professional learning with practical project management courses. Start today.",155,Enroll / WhatsApp inquiry,pmp renewal pdu courses,
52,/project-management-certification-saudi-arabia,project management certification saudi arabia,Saudi Arabia,Commercial,Project Management Certification,"Project Management Certification: build recognized project management skills with training, exam guidance, study support and professional learning. Start today.",160,Compare course + request fee,project management certification,
53,/pmp-certification-requirements-uae,pmp certification requirements uae,UAE,Informational,PMP Certification Requirements,"PMP Certification Requirements: understand PMP eligibility, application steps, contact hours, exam prep and training support before applying. Start today.",154,Read guide + CTA to course,pmp certification requirements,
54,/pmp-course-oman,pmp course oman,Oman,Transactional,PMP Course,"PMP Course: prepare for PMP with live training, exam prep, study resources, trainer support, fee details and fast enrollment guidance. Ask for details.",151,Enroll / WhatsApp inquiry,pmp course,
55,/pdu-courses-for-pmp,pdu courses for pmp,GCC,Transactional,PDU Courses for PMP,"PDU Courses for PMP: earn PDUs through professional learning, project management topics, practical training support and credential renewal guidance. Learn more.",160,Enroll / WhatsApp inquiry,pdu courses for pmp,
56,/pmp-certification-for-engineers,pmp certification for engineers,GCC,Commercial,PMP Certification for Engineers,"PMP Certification for Engineers: prepare for PMP with project examples, exam prep, study resources, live classes and trainer-led guidance. Start today.",151,Compare course + request fee,pmp certification for engineers,
57,/project-management-workshops,project management workshops,GCC,B2B Commercial,Project Management Workshops,"Project Management Workshops: train teams on planning, scheduling, risk, stakeholder management and delivery through practical workshop sessions. Start today.",158,Book corporate training call,project management workshops,
58,/pmp-certification-kuwait,pmp certification kuwait,Kuwait,Commercial,PMP Certification Training,"PMP Certification Training: build exam readiness with live online classes, PMI-focused prep, study support, course fee guidance and enrollment help. Learn more.",160,Compare course + request fee,pmp certification,
59,/pmp-certification-requirements-saudi-arabia,pmp certification requirements saudi arabia,Saudi Arabia,Informational,PMP Certification Requirements,"PMP Certification Requirements: understand PMP eligibility, application steps, contact hours, exam prep and training support before applying. Start today.",154,Read guide + CTA to course,pmp certification requirements,
60,/pmp-classes-uae,pmp classes uae,UAE,Transactional,PMP Classes,"PMP Classes: join live PMP training with exam prep, study resources, trainer support, flexible batches, fee guidance and enrollment help. Start today.",150,Enroll / WhatsApp inquiry,pmp classes,
61,/pmp-training-kuwait,pmp training kuwait,Kuwait,Transactional,PMP Training Course,"PMP Training Course: prepare for PMP with live classes, exam strategy, trainer guidance, study resources, batch details and enrollment support. Start today.",156,Enroll / WhatsApp inquiry,pmp training,
62,/project-management-course-qatar,project management course qatar,Qatar,Transactional,Project Management Course,"Project Management Course: build practical planning, scheduling, risk, stakeholder and delivery skills with live professional training support. Start today.",156,Enroll / WhatsApp inquiry,project management course,
63,/project-management-professional-certification-uae,project management professional certification uae,UAE,Commercial,Project Management Professional Certification,"Project Management Professional Certification: prepare for PMP with live classes, study resources, exam guidance, trainer support and course details. Start now.",160,Compare course + request fee,project management professional certification,
64,/pmp-certification-bahrain,pmp certification bahrain,Bahrain,Commercial,PMP Certification Training,"PMP Certification Training: prepare for the PMP exam with live classes, exam prep, trainer support, study resources, course fees and WhatsApp guidance.",151,Compare course + request fee,pmp certification,
65,/pmp-certification-for-construction-professionals,pmp certification for construction professionals,GCC,Commercial,PMP Certification for Construction Professionals,"PMP Certification for Construction Professionals: prepare for PMP with construction project examples, planning concepts, exam prep and trainer support.",151,Compare course + request fee,pmp certification for construction professionals,
66,/pmp-training-bahrain,pmp training bahrain,Bahrain,Transactional,PMP Training Course,"PMP Training Course: join live online PMP classes with exam prep, study resources, trainer support, fee guidance and fast WhatsApp enrollment. Start today.",155,Enroll / WhatsApp inquiry,pmp training,
67,/project-management-course-oman,project management course oman,Oman,Transactional,Project Management Course,"Project Management Course: build practical planning, scheduling, risk, stakeholder and delivery skills with live professional training support. Start today.",156,Enroll / WhatsApp inquiry,project management course,
68,/pmp-certification-cost-oman,pmp certification cost oman,Oman,Commercial Investigation,PMP Certification Cost,"PMP Certification Cost: compare PMP exam fees, course fees, training options, payment guidance and next steps before starting your PMP journey. Start today.",156,Compare course + request fee,pmp certification cost,
69,/pmp-exam-fees-qatar,pmp exam fees qatar,Qatar,Commercial Investigation,PMP Exam Fees,"PMP Exam Fees: understand PMP exam costs, training fees, registration steps, study support and course guidance before you apply for PMP. Ask for details.",153,Compare course + request fee,pmp exam fees,
70,/all-courses,project management courses,GCC / Global,Commercial + Transactional,Project Management Courses,"Project Management Courses: explore PMP, Agile, Primavera P6, risk management and Microsoft Project training with live classes and expert support. Start today.",159,Explore courses + WhatsApp inquiry,project management courses,All Courses page added with general search terms only; no country/location wording in H1 or meta text.